muse_id	musname	town	url	url_source	Unnamed: 5
mm.domus.SE436	Guernsey Museum and Art Gallery	St Peter Port	http://www.museums.gov.gg/	pred	
mm.domus.SE322	La Hougue Bie Museum	Grouville	https://www.jerseyheritage.org/places-to-visit/la-hougue-bie-museum	pred	
mm.misc.054	La Valette Underground Military Museum	St Peter Port	http://lavalette.tk/	pred	
mm.domus.EM018	Wollaton Hall	Nottingham	https://wollatonhall.org.uk/	pred	
mm.domus.EM088	Belton House	nr Grantham	https://www.nationaltrust.org.uk/belton-house	pred	
mm.aim.0983	Cromford Mill	Matlock	https://www.cromfordmills.org.uk/	pred	
mm.domus.EM023	"Greens Mill And Science Centre, Nottingham"	Nottingham	https://www.greensmill.org.uk/	manual	
mm.domus.EM072	Rutland County Museum	Oakham	https://rutlandcountymuseum.org.uk/	pred	
mm.domus.EM104	Charnwood Museum	Loughborough	https://www.charnwood.gov.uk/pages/charnwood_museum	pred	
mm.domus.EM012	Eyam Museum	Hope Valley	https://www.eyam-museum.org.uk/	pred	
mm.domus.EM083	The Boilerhouse	Foxton	https://www.boilerhousehair.co.uk/	pred	
mm.wiki.255	Battle Of Britain Memorial Flight Visitor Centre	Lincoln	https://www.lincolnshire.gov.uk/history-heritage/battle-britain-memorial-flight-visitor-centre	pred	
mm.wiki.256	Dobsons Windmill And Burgh Le Marsh Heritage Centre	Skegness	http://www.heritageburghlemarsh.co.uk/	pred	
mm.ace.1107	Loughborough Carillon Tower And War Memorial Museum	Loughborough	https://www.carillontower.org.uk/	pred	
mm.ace.1103	Strutts North Mill	Belper	https://www.belpernorthmill.org.uk/	pred	
mm.ace.1275	Spalding Gentlemens Society Museum	Spalding	https://www.sgsoc.org/	pred	
mm.domus.EM003	Alford Manor House Museum	Alford	https://www.alfordmanorhouse.co.uk/	pred	
mm.wiki.263	North Ings Farm Museum	Lincoln	http://northingsfarmmuseum.co.uk/	manual	
mm.aim.0173	Carpetbagger Aviation Museum	Harrington	https://harringtonmuseum.org.uk/	pred	
mm.musa.345	The Priests House	Stamford	https://thepriestshouse.com/	pred	
mm.domus.EM009	Harley Gallery	Worksop	https://www.harleygallery.co.uk/	pred	
mm.hha.098	Southwick Hall	Nr. Oundle	http://southwickhall.co.uk/	manual	
mm.misc.015	The National Video Game Arcade	Nottingham	https://thenvm.org/	pred	
mm.wiki.502	Thorpe Camp Visitor Centre	Tattershall Thorpe	https://thorpecamp.wixsite.com/visitorscentre	pred	
mm.wiki.253	William Carey Museum	Leicester	https://artuk.org/visit/venues/william-carey-museum-4560	pred	
mm.wiki.266	RAF Scampton Heritage Centre	Lincoln	https://www.raf.mod.uk/our-organisation/stations/raf-scampton/heritage-centre-visits/	manual	
mm.domus.EM024	Museum of Timekeeping	Newark	https://www.museumoftimekeeping.org.uk/	pred	
mm.aim.0545	Lincolnshire Aviation Heritage Centre	Spilsby	https://www.lincsaviation.co.uk/	pred	
mm.New.124	Jain Museum	Leicester	http://jainmuseum.com/	pred	
mm.ace.1173	"Imperial War Museum, Duxford"	Cambridge	https://www.iwm.org.uk/visits/iwm-duxford	pred	
mm.domus.SE543	Felbrigg Hall	Norwich	https://www.nationaltrust.org.uk/felbrigg-hall-gardens-and-estate	pred	
mm.ace.1160	The Polar Museum	Cambridge	https://www.spri.cam.ac.uk/museum/	pred	
mm.aim.1209	The Thursford Collection	Fakenham	https://www.thursford.com/	pred	
mm.domus.SE427	Moyses Hall Museum	Bury St Edmunds	https://www.moyseshall.org/	pred	
mm.domus.SE102	Museum Of Norwich At The Bridewell	Norwich	https://www.museums.norfolk.gov.uk/museum-of-norwich	manual	
mm.domus.SE131	Peterborough Museum And Art Gallery	Peterborough	https://vivacity.org/art-venues/peterborough-museum-art-gallery/	pred	
mm.domus.SE424	Lowestoft Museum	Lowestoft	https://lowestoftmuseum.org/	pred	
mm.ace.1187	Warner Textile Archive	Braintree	https://www.warnertextilearchive.co.uk/	pred	
mm.domus.SE331	Long Shop Museum	Leiston	https://www.facebook.com/Longshopmuseum/	manual	
mm.domus.SE563	Bressingham Steam Museum	Diss	https://www.bressingham.co.uk/	pred	
mm.domus.SE378	"Museum Of Archaeology And Anthropology, University Of Cambridge"	Cambridge	https://maa.cam.ac.uk/	pred	
mm.wiki.129	Hylands House	Chelmsford	https://hylandsestate.co.uk/	pred	
mm.aim.0218	Colne Valley Railway	Castle Hedingham	https://www.colnevalleyrailway.co.uk/	pred	
mm.domus.SE340	Lowewood Museum	Hoddesdon	https://lowewoodmuseum.com/	pred	
mm.domus.SE505	The Farmland Museum	Waterbeach	https://www.dennyfarmlandmuseum.org.uk/	pred	
mm.domus.SE167	Ipswich Transport Museum	Ipswich	https://www.ipswichtransportmuseum.co.uk/	pred	
mm.domus.SE249	Burnham-on-Crouch and District Museum	Burnham-on-Crouch	http://burnhammuseum.co.uk/	pred	
mm.domus.SE576	Lowestoft Maritime Museum	Lowestoft	http://www.lowestoftmaritimemuseum.co.uk/	pred	
mm.domus.SE061	John Bunyan Museum And Library	Bedford	https://www.bunyanmeeting.co.uk/museum	pred	
mm.domus.SE542	Paycockes House & Garden	Colchester	https://www.nationaltrust.org.uk/paycockes-house-and-garden	manual	
mm.domus.SE135	Swaffham Museum	Swaffham	http://www.swaffhammuseum.co.uk/	manual	
mm.domus.SE328	"Little Hall, Lavenham"	Lavenham	http://www.littlehall.org.uk/	pred	
mm.wiki.352	Sudbury Heritage Centre & Museum	Sudbury	https://sudburyheritagecentre.co.uk/	pred	
mm.aim.0803	Ridgmont Station Heritage Centre	Ridgmont	https://bedsrcc.org.uk/what-we-do/community-transport/rail/ridgmont-station-heritage-centre/	pred	
mm.wiki.500	Buntingford Heritage Centre	Buntingford	http://www.buntingford.com/heritage-centre/	pred	
mm.domus.SE440	Bungay Museum	Bungay	https://suffolkmuseums.org/museums/bungay-museum/	pred	
mm.musa.328	Stansted Mountfitchet Windmill	Stansted	https://www.stanstedwindmill.co.uk/	pred	
mm.musa.120	East Essex Aviation Society And Museum Of The 40s	St. Osyth	http://stosyth.gov.uk/aircraft-museum/	pred	
mm.misc.114	Bottisham Airfield Museum	Bottisham	http://www.bottishamairfieldmuseum.org.uk/	pred	
mm.misc.125	Stow Maries Great War Aerodrome Museum	Purleigh	http://www.stowmaries.org.uk/	pred	
mm.fcm.139	Kelvedon Hatch Secret Nuclear Bunker	Brentwood	https://secretnuclearbunker.com/	pred	
mm.domus.SE137	Charles Burrell Museum	Thetford	https://www.charlesburrellmuseum.org.uk/	manual	
mm.wiki.019	Waterbeach Military Heritage Museum	Cambridge	http://www.waterbeachmilitarymuseum.org.uk/museum_page.html	pred	
mm.hha.074	Ashridge House	Berkhamstead	https://www.ashridgehouse.org.uk/	pred	
mm.wiki.016	Stretham Old Engine	Ely	https://www.strethamoldengine.org.uk/	pred	
mm.wiki.122	Canvey Island Heritage Centre	Canvey Island	https://canveyislandheritagecentre.wordpress.com/	pred	
mm.wiki.289	Sandringham	Sandringham	https://sandringhamestate.co.uk/plan-your-visit/opening-times	manual	
mm.musa.035	Battlesbridge Motorcycle Museum	Battlesbridge	https://www.battlesbridge.com/motorcycle-museum	pred	
mm.aim.0110	Boxted Airfield Museum	Colchester	https://www.boxted-airfield.com/boxted-airfield-museum	pred	
mm.misc.116	Hertforshire Fire Brigade Museum	Watford	https://www.watfordmuseum.org.uk/fire-museum	pred	
mm.domus.SE566	Natural History Museum	London	https://www.nhm.ac.uk/	pred	
mm.ace.1155	V&a Museum Of Childhood	London	http://vam.ac.uk/moc	manual	
mm.aim.0467	Imperial War Museum	London	https://www.iwm.org.uk/	pred	
mm.ace.1222	Kew Palace	London	https://www.hrp.org.uk/kew-palace/	manual	
mm.ace.1100	Eltham Palace	London	https://www.english-heritage.org.uk/visit/places/eltham-palace-and-gardens/	pred	
mm.fcm.148	London Film Museum	London	http://londonfilmmuseum.com/	pred	
mm.ace.399	Greenwich Heritage Centre	London	https://www.greenwichheritage.org/	pred	
mm.domus.SE043	Leighton House Museum	London	https://www.rbkc.gov.uk/subsites/museums/leightonhousemuseum.aspx	pred	
mm.domus.SE447	Household Cavalry Museum	London	http://www.householdcavalrymuseum.co.uk/	manual	
mm.domus.SE582	Dr Johnsons House	London	https://www.drjohnsonshouse.org/	pred	
mm.ace.1101	Library And Museum Freemasonry	London	https://museumfreemasonry.org.uk/	pred	
mm.New.103	Migration Museum	London	https://www.migrationmuseum.org/	pred	
mm.ace.1211	St Bartholomews Hospital Museum	London	https://www.bartshealth.nhs.uk/museums-and-archives	pred	
mm.aim.0818	Royal College Of Physicians Of London Museum	London	https://www.rcplondon.ac.uk/about-us/what-we-do/museum	pred	
mm.domus.SE050	Museum Of Richmond	Richmond-upon-Thames	https://www.museumofrichmond.com/	pred	
mm.ace.036	Museum Of Wimbledon	London	https://wimbledonsociety.org.uk/museum/	pred	
mm.domus.SE052	Grant Museum Of Zoology & Comparative Anatomy	London	https://www.ucl.ac.uk/culture/grant-museum-zoology	pred	
mm.New.11	Shirley Sherwood Gallery	London	https://www.kew.org/kew-gardens/whats-in-the-gardens/shirley-sherwood-gallery-of-botanical-art	pred	
mm.aim.1101	Langdon Down Museum Of Learning Disability	Teddington	https://langdondownmuseum.org.uk/	pred	
mm.aim.0140	British Vintage Wireless And Television Museum	London	https://bvwm.org.uk/	pred	
mm.aim.1215	The Twickenham Museum	Twickenham	http://www.twickenham-museum.org.uk/	pred	
mm.aim.0754	Pollocks Toy Museum	London	http://pollockstoys.com/	pred	
mm.fcm.257	Twinings Museum	London	https://www.twinings.co.uk/about-twinings/flagship-store-london-216-strand	pred	
mm.fcm.231	Smythson Stationery Museum	London	https://www.museumslondon.org/museum/92/smythson-stationery-museum	pred	
mm.aim.0165	Camera Museum	London	https://www.cameramuseum.uk/	pred	
mm.New.118	Museum of the Book	London	https://www.museumofthebook.com/	pred	
mm.domus.SE496	Stephens Collection	London	https://www.stephenshouseandgardens.com/about/the-stephens-collection	pred	
mm.New.48	Elizabeth Garrett Anderson Gallery	London	https://www.egaforwomen.org.uk/gallery.html	manual	
mm.misc.259	Antique Breadboard Museum	London	https://antiquebreadboards.com/	pred	
mm.domus.NE013	Captain Cook Birthplace Museum	Middlesbrough	http://www.captcook-ne.co.uk/ccbm/	manual	
domus.NE043	Morpeth Chantry Bagpipe Museum	Morpeth	https://museumsnorthumberland.org.uk/morpeth-chantry-bagpipe-museum/	pred	
mm.domus.NE016	Vindolanda	Hexham	https://www.vindolanda.com/	manual	
mm.musa.289	Roman Army Museum	Greenhead	https://www.vindolanda.com/roman-army-museum	pred	
mm.domus.NE029	Shipley Art Gallery	Gateshead	https://shipleyartgallery.org.uk/	pred	
mm.domus.NE039	Kings Own Scottish Borderers Regimental Museum	Berwick-upon-Tweed	https://www.kosb.co.uk/museum/	manual	
mm.domus.NE068	Corbridge Roman Site Museum	Corbridge	https://www.english-heritage.org.uk/visit/places/corbridge-roman-town-hadrians-wall/	pred	
mm.ace.1224	Heugh Gun Battery Museum	Hartlepool	http://www.heughbattery.co.uk/	pred	
mm.domus.NE047	Ryhope Engines Museum	Sunderland	http://www.ryhopeengines.org.uk/	pred	
mm.hha.148	Raby Castle	Darlington	https://www.raby.co.uk/raby-castle/	pred	
mm.New.74	Fans Museum	Sunderland	https://fansmuseum.org/	pred	
mm.domus.NW020	Bury Art Museum & Sculpture Centre	Bury	https://buryartmuseum.co.uk/	pred	
mm.domus.NW070	Science and Industry Museum	Manchester	https://www.scienceandindustrymuseum.org.uk/	manual	
mm.domus.NW102	Lady Lever Art Gallery	Wirral	https://www.liverpoolmuseums.org.uk/lady-lever-art-gallery	pred	
mm.domus.NW053	Dove Cottage And The Wordsworth Museum	Grasmere	https://wordsworth.org.uk/	manual	
mm.domus.NW170	Lyme Park	Stockport	https://www.nationaltrust.org.uk/lyme	pred	
mm.musa.191	Lancaster Castle	Castle Parade	https://www.lancastercastle.com/tours-visits/opening-times/	pred	
mm.domus.NW019	Bramall Hall	Stockport	https://www.stockport.gov.uk/bramallhall	pred	
mm.ace.135	Lancaster Maritime Museum	Lancaster	https://www.lancaster.gov.uk/sport-and-leisure/museums/maritime-museum	pred	
mm.domus.NW096	Prescot Museum	Prescot	https://www.prescotmuseum.org.uk/	pred	
mm.ace.1202	Gawthorpe Textiles Collection	Burnley	https://www.gawthorpetextiles.org.uk/	pred	
mm.domus.NW082	Silk Museum & Paradise Mill	Macclesfield	https://macclesfieldmuseums.co.uk/venues/paradise-mill	pred	
mm.domus.NW083	West Park Museum And Art Gallery	Macclesfield	https://macclesfieldmuseums.co.uk/venues/west-park-museum	pred	
mm.ace.1169	Manchester Metropolitan University Special Collections	Manchester	https://www.specialcollections.mmu.ac.uk/	pred	
mm.wiki.055	The Hub Museum	Alston	https://www.thehublimited.co.uk/	pred	
mm.wiki.187	Bury Transport Museum	Bury	http://www.eastlancsrailway.org.uk/plan-your-day-out/bury-transport-museum.aspx	pred	
mm.hha.141	Mirehouse	Keswick	https://www.mirehouse.co.uk/	pred	
mm.domus.NW068	Stretton Watermill	Carden	http://strettonwatermill.westcheshiremuseums.co.uk/	manual	
mm.domus.NW162	Queen Street Mill Textile Museum	Burnley	http://www.lancashire.gov.uk/leisure-and-culture/museums/queen-street-mill-textile-museum/	pred	
mm.domus.NW120	Ruskin Museum	Coniston	https://ruskinmuseum.com/	manual	
mm.aim.1295	Warrington Museum Of Freemasonry	Warrington	https://museum.westlancsfreemasons.org.uk/	pred	
mm.musa.361	Turnpike Gallery	Leigh	https://www.theturnpike.org.uk/	manual	
mm.wiki.274	U-boat Story	Birkenhead	https://www.merseyferries.co.uk/about/u-boat-story/	pred	
mm.hha.142	Muncaster Castle & Gardens	Ravenglass	https://www.muncaster.co.uk/	pred	
mm.aim.1342	Workington Transport Heritage Trust	Workington	https://wtht.co.uk/	pred	
mm.wiki.023	Dewa Roman Experience	Chester	https://www.dewaromanexperience.co.uk/	pred	
mm.aim.0254	Darwen Heritage Centre	Darwen	https://darwenheritagecentre.org.uk/	manual	
mm.aim.1315	Whitworth Heritage Museum	Whitworth	https://www.whitworthhistoricalsociety.org.uk/	manual	
mm.wiki.054	Holker Hall & Gardens	Grange-over-Sands	https://www.holker.co.uk/	pred	
mm.New.12	Windermere Jetty Museum	Windermere	https://www.archdaily.com/913719/windermere-jetty-museum-carmody-groarke	pred	
mm.domus.NI008	North Down Museum	Bangor	https://andculture.org.uk/	pred	
mm.domus.NI003	Fermanagh County Museum	Enniskillen	https://www.enniskillencastle.co.uk/	pred	
mm.domus.NI024	The Argory	Dungannon	https://www.nationaltrust.org.uk/the-argory	pred	
mm.domus.NI023	Ballymoney Museum	Ballymoney	https://www.causewaycoastandglens.gov.uk/see-do/arts_museums/museums-services/ballymoney-museum	pred	
mm.nimc.009	Hezlett House	Coleraine	https://www.nationaltrust.org.uk/downhill-demesne-and-hezlett-house/features/family-history-at-hezlett-house	manual	
mm.nimc.025	Royal Ulster Rifles Museum	Belfast	https://www.royal-irish.com/museums/royal-ulster-rifles-museum	pred	
mm.musa.285	Pogues Entry Historical Cottage	Antrim	https://discovernorthernireland.com/things-to-do/pogues-entry-historical-cottage-p676161	pred	
mm.wiki.424	The Abingdon Collection	Omagh	https://theabingdoncollection.com/	pred	
mm.MDN.021	Inver Museum	Larne	http://invermuseum.com/	manual	
mm.MDN.015	Hillsborough Castle	Hillsborough	https://www.hrp.org.uk/hillsborough-castle/	pred	
mm.wiki.417	Bronte Interpretive Centre	Newry	https://discovernorthernireland.com/things-to-do/bronte-homeland-interpretative-centre-p675251	pred	
mm.misc.237	Benburb Priory Library And Museum	Benburb	http://www.killeeshilclonaneese.org/joomla30/index.php/events/venue/21-benburb-priory-library	pred	
mm.domus.SC285	Modern One	Edinburgh	https://www.nationalgalleries.org/visit/scottish-national-gallery-modern-art	pred	
mm.mgs.281	"Gallery Of Modern Art, Glasgow"	Glasgow	https://www.glasgowlife.org.uk/museums/venues/gallery-of-modern-art-goma	pred	
mm.domus.SC127	Provands Lordship	Glasgow	https://www.glasgowlife.org.uk/museums/venues/provands-lordship	pred	
mm.domus.SC177	Regimental Museum Of The Royal Scots Dragoon Guards	Edinburgh	https://www.scotsdgmuseum.com/	pred	
mm.domus.SC279	National War Museum Of Scotland	Edinburgh	https://www.nms.ac.uk/national-war-museum/	pred	
mm.mgs.348	The Royal Yacht Britannia	Edinburgh	https://www.royalyachtbritannia.co.uk/	pred	
mm.domus.SC062	Campbeltown Museum	Campbeltown	https://www.argyll-bute.gov.uk/museum/campbeltown-museum	pred	
mm.domus.SC257	Low Parks Museum	Hamilton	https://www.slleisureandculture.co.uk/info/203/low_parks_museum	pred	
mm.domus.SC235	Mills Observatory	Dundee	http://www.leisureandculturedundee.com/culture/mills	pred	
mm.domus.SC289	Borders Textile Towerhouse	Hawick	https://www.liveborders.org.uk/culture/museums/our-museums/borders-textile-towerhouse/	pred	
mm.mgs.287	Commendators House Museum	Melrose	https://www.undiscoveredscotland.co.uk/melrose/abbeymuseum/index.html	pred	
mm.domus.SC168	Museum Of Lead Mining	by Biggar	https://www.leadminingmuseum.co.uk/	pred	
mm.domus.SC192	Stirling Smith Art Gallery & Museum	Stirling	https://www.smithartgalleryandmuseum.co.uk/	manual	
mm.domus.SC176	Paxton House	Berwick-upon-Tweed	https://paxtonhouse.co.uk/	pred	
mm.misc.157	St Cecilias Hall Of Musical Instruments	Edinburgh	"https://www.eca.ed.ac.uk/facility/st-cecilias-hall-concert-room-and-music-museum#:~:text=St%20Cecilia''s%20Hall%20is%20a,heart%20of%20Edinburgh''s%20Old%20Town."	pred	
mm.mgs.415	Fossil Grove	Glasgow	https://fossilgroveglasgow.org/	pred	
mm.domus.SC187	Aberdeen Science Centre	Aberdeen	https://aberdeensciencecentre.org/	manual	
mm.mgs.411	Hopetoun House	South Queensferry	https://hopetoun.co.uk/	pred	
mm.domus.SC027	Banff Museum	Banff	http://www.bphsmob.org.uk/pages/museum-of-banff	pred	
mm.domus.SC066	Castle Of St John Visitor Centre	Stranraer	https://www.daysoutscotland.com/dumfries--galloway/museums--galleries/listing/castle-of-st-john-visitor-centre	pred	
mm.domus.SC268	St Ronans Wells Interpretation Centre	Innerleithen	https://whichmuseum.com/scotland/innerleithen/st-ronans-wells-interpretation-centre	pred	
mm.domus.SC309	Blackridge Community Museum	Blackridge	https://www.westlothian.gov.uk/article/44862/Blackridge-Community-Museum	pred	
mm.domus.SC301	Trimontium Museum	Melrose	https://www.trimontium.co.uk/	pred	
mm.mgs.295	Unst Heritage Centre	Unst	http://www.unstheritage.com/web/unst-heritage-centre/	pred	
mm.domus.SC198	Tangwick Haa Museum	Eshaness	https://www.tangwickhaa.org.uk/	pred	
mm.domus.SC250	Museum Of Islay Life	Isle of Islay	https://www.islaymuseum.org/	pred	
mm.domus.SC124	Highland Museum Of Childhood	Strathpeffer	https://highlandmuseumofchildhood.org.uk/	pred	
mm.domus.SC033	Auld Skoll	Fair Isle	no_resource	no_resource	
mm.domus.SC068	Andrew Carnegie Birthplace Museum	Dunfermline	https://www.carnegiebirthplace.com/	pred	
mm.aim.0443	Historylinks Museum	Dornoch	https://www.historylinks.org.uk/	pred	
mm.domus.SC159	Mallaig Heritage Centre	Mallaig	http://www.mallaigheritage.org.uk/	pred	
mm.domus.SC222	"University Of Stirling, Art Collection"	Stirling	https://www.stir.ac.uk/about/art-collection/	pred	
mm.domus.SC070	Barony Chambers Museum	Kirkintilloch	https://www.privatehousestays.com/l/Attractions/Barony-Chambers-and-Auld-Kirk-Museum	pred	
mm.hha.183	Mount Stuart	Isle of Bute	https://www.mountstuart.com/	pred	
mm.domus.SC191	Skerryvore Museum	"Hynish, Isle of Tiree"	https://www.visitscotland.com/info/see-do/the-skerryvore-lighthouse-museum-p784541	pred	
mm.wiki.467	Ellisland Farm	Auldgirth	https://www.ellislandfarm.co.uk/	pred	
mm.mgs.327	Applecross Heritage Centre	Strathcarron	http://www.applecrossheritage.org.uk/	pred	
mm.domus.SC034	Blairs Museum	Aberdeen	https://www.blairsmuseum.com/	pred	
mm.hha.169	Blair Castle & Gardens	Pitlochry	https://blair-castle.co.uk/scottish-highland-castle/gardens-grounds/	pred	
mm.misc.164	Tomb Of The Eagles	South Ronaldsay	http://www.tomboftheeagles.co.uk/	pred	
mm.hha.163	Ballindalloch Castle	Banffshire	https://www.ballindallochcastle.co.uk/	pred	
mm.hha.153	Abbotsford	Melrose	https://www.scottsabbotsford.com/	pred	
mm.domus.SC011	The John Buchan Story	Peebles	http://www.johnbuchanstory.co.uk/	pred	
mm.wiki.496	Hoswick Visitor Centre	Sandwick	no_resource	no_resource	
mm.musa.246	Musselburgh Museum	Musselburgh	https://www.musselburghmuseum.org.uk/	pred	
mm.mgs.350	Scottish Vintage Bus Museum	Dunfermline	https://www.svbm.online/	pred	
mm.mgs.333	St Peters Heritage Centre	Aberdeen	http://search3.openobjects.com/kb5/southwark/directory/service.page?id=WNEoILlQmg4	pred	
mm.domus.SC155	Largs Museum	Largs	http://www.largsonline.co.uk/museum.html	pred	
mm.aim.1151	The Old Smiddy	Aboyne	https://www.greatukpubs.co.uk/theoldsmiddycathcart	pred	
mm.musa.344	The National Wallace Monument	Stirling	https://www.scottishfield.co.uk/travel/scotland-travel/10-things-you-may-not-know-about-the-wallace-monument/	pred	
mm.aim.0204	Clan Macalister Charitable Trust	By Tarbert	https://www.totalgiving.co.uk/charity/clan-macalister-charitable-trust	pred	
mm.fcm.064	Cornice Museum Of Ornamental Plasterwork	Peebles	"http://www.peebles-theroyalburgh.info/peebles-cornice-museum#:~:text=The%20Cornice%20Museum%20is%20a,of%20this%20craft%20in%20operation."	pred	
mm.aim.0249	Cupar Heritage Centre	Cupar	https://cuparheritage.org.uk/	pred	
mm.domus.SC217	"University Of Aberdeen, Zoology Department Museum"	Aberdeen	https://www.abdn.ac.uk/about/campus/zoology-museum-387.php	pred	
mm.musa.101	Dalkeith Corn Exchange Museum	Dalkeith	https://www.dalkeithhistorysociety.co.uk/dalkeith-museum/	pred	
mm.New.66	Museum of Scottish Railways	Bo'ness	https://www.bkrailway.co.uk/your-visit/museum/	pred	
mm.misc.230	Kellie Castle	Anstruther	https://www.nts.org.uk/visit/places/kellie-castle	manual	
mm.misc.221	Elgin Cathedral Museum	Elgin	https://www.historicenvironment.scot/visit-a-place/places/elgin-cathedral/	pred	
mm.domus.SE213	Royal Pavilion	Brighton	https://brightonmuseums.org.uk/royalpavilion/	pred	
mm.domus.SE121	Canterbury Roman Museum	Canterbury	https://canterburymuseums.co.uk/romanmuseum/	pred	
mm.ace.1261	Seacity Museum	Southampton	https://seacitymuseum.co.uk/	manual	
mm.domus.SE475	Osborne House	East Cowes	https://www.english-heritage.org.uk/visit/places/osborne/	pred	
mm.domus.SE528	Batemans	Etchingham	https://www.nationaltrust.org.uk/batemans	manual	
mm.domus.SE181	Banbury Museum	Banbury	https://www.banburymuseum.org/	pred	
mm.ace.1205	Scotney Castle	Tunbridge Wells	https://www.nationaltrust.org.uk/scotney-castle	manual	
mm.domus.SE527	Greys Court	Henley-on-Thames	https://www.nationaltrust.org.uk/greys-court	pred	
mm.domus.SE556	Nymans	nr Haywards Heath	https://www.nationaltrust.org.uk/nymans	pred	
mm.domus.SE392	Oxford University Museum Of Natural History	Oxford	https://www.oumnh.ox.ac.uk/	pred	
mm.musa.254	Needles Old Battery & New Battery	Alum Bay	https://www.nationaltrust.org.uk/the-needles-old-battery-and-new-battery	pred	
mm.domus.SE412	Wycombe Museum	High Wycombe	https://wycombemuseum.org.uk/	manual	
mm.domus.SE212	Preston Manor	Brighton	https://www.preston-manor.com/	pred	
mm.domus.SE278	Tudor House Museum And Garden	Southampton	https://tudorhouseandgarden.com/	pred	
mm.domus.SE264	Eastleigh Museum	Eastleigh	https://www.hampshireculture.org.uk/eastleigh-museum	pred	
mm.domus.SE209	Bourne Hall Museum	Epsom	https://www.epsom-ewell.gov.uk/visitors/bourne-hall-museum-0	pred	
mm.domus.SE085	Rural Life Centre	Farnham	https://rural-life.org.uk/	pred	
mm.domus.SE347	Rye Castle Museum (Ypres Tower)	Rye	http://ryemuseum.co.uk/ypres-tower/	pred	
mm.domus.SE232	Charleston	Lewes	https://www.charleston.org.uk/charleston-emergency-appeal/#	manual	
mm.domus.SE158	Royal Engineers Museum	Chatham	https://www.re-museum.co.uk/	pred	
mm.domus.SE159	Watts Gallery	"Compton, nr Guildford"	https://www.wattsgallery.org.uk/	pred	
mm.domus.SE183	Cogges Manor Farm Museum	Witney	https://www.cogges.org.uk/	pred	
mm.domus.SE515	Ascott House	Leighton Buzzard	https://www.nationaltrust.org.uk/ascott	pred	
mm.hha.026	Parham House & Gardens	Pulborough	https://www.parhaminsussex.co.uk/	pred	
mm.domus.SE525	Buscot Park	Faringdon	https://www.nationaltrust.org.uk/buscot-park	pred	
mm.aim.0531	Lashenden Air Warfare Museum	Ashford	https://www.lashendenairwarfaremuseum.co.uk/	pred	
mm.hha.011	Belmont House And Gardens	Faversham	https://belmont-house.org/	pred	
mm.domus.SE019	Sandwich Guildhall Museum	Sandwich	https://www.sandwichguildhallmuseum.co.uk/	manual	
mm.domus.SE334	Tyrwhitt Drake Museum Of Carriages	Maidstone	https://museum.maidstone.gov.uk/our-museums/carriage-museum/	pred	
mm.domus.SE194	Berkshire Yeomanry Museum	Windsor	https://www.museums.co.uk/details/berkshire-yeomanry-museum/	pred	
mm.domus.SE460	Emsworth Museum	Emsworth	http://emsworthmuseum.org.uk/	pred	
mm.domus.SE372	Tenterden And District Museum	Tenterden	http://www.tenterdenmuseum.co.uk/	pred	
mm.domus.SE240	Cowper & Newton Museum	Olney	https://cowperandnewtonmuseum.org.uk/	pred	
mm.domus.SE425	Marlipins Museum	Shoreham-by-Sea	https://sussexpast.co.uk/properties-to-discover/marlipins-museum	manual	
mm.aim.0513	King Johns House	Romsey	https://kingjohnshouse.org.uk/	manual	
mm.wiki.359	Send And Ripley Local History Museum	Woking	https://sendandripleyhistorysociety.co.uk/museum/	manual	
mm.domus.SE098	Royal Army Physical Training Corps Museum	Aldershot	https://www.raptcmuseum.co.uk/	pred	
mm.musa.257	New Hall	Romney Marsh	https://www.newhallschool.co.uk/	pred	
mm.aim.1326	Winchester College Treasury	Winchester	https://treasury.winchestercollege.org/	pred	
mm.domus.SE258	Dorking Museum and Heritage Centre	Dorking	https://dorkingmuseum.org.uk/	pred	
mm.domus.SE483	Kent Police Museum	Maidstone	https://www.kent.police.uk/police-forces/kent-police/areas/kent-police/about-us/about-us/kent-police-museum/	manual	
mm.domus.SE323	Leatherhead Museum Of Local History	Leatherhead	https://www.leatherheadhistory.org/museum	pred	
mm.aim.0724	Otford Heritage Centre	Sevenoaks	http://otford.co.uk/historicalsociety/otford-heritage-centre/	pred	
mm.aim.0677	National Badminton Museum	Milton Keynes	https://www.nationalbadmintonmuseum.com/	manual	
mm.musa.210	Lydd Town Museum	Romney Marsh	https://theromneymarsh.net/lyddtownmuseum	pred	
mm.domus.SE534	Owletts	Gravesend	https://www.nationaltrust.org.uk/owletts	pred	
mm.musa.153	Guildford Cathedral Treasury	Guildford	https://www.guildford-cathedral.org/visit/treasury	pred	
mm.wiki.219	Bredgar and Wormshill Light Railway	Sittingbourne	https://www.visitmaidstone.com/things-to-do/bredgar-and-wormshill-light-railway-p7731	pred	
mm.aim.0882	Shoreham Aircraft Museum	Sevenoaks	http://www.shoreham-aircraft-museum.co.uk/	pred	
mm.aim.1005	The Budding Foundation Museum Of Gardening	Hassocks	https://www.southdownsheritagecentre.co.uk/museum	pred	
mm.aim.0581	"Mansion Library, Salomons"	Tunbridge Wells	https://www.canterbury.ac.uk/library/campus-libraries/salomons/salomons.aspx	pred	
mm.aim.0222	Combe Mill	Long Hanborough	https://www.combemill.co.uk/	pred	
mm.aim.1131	The Museum Of The National Rifle Association	Woking	http://www.nramuseum.org/	pred	
mm.aim.1202	The Storrington And District Museum	Storrington	https://www.storringtonmuseum.com/	pred	
mm.domus.SE434	Adjutant General's Corps Museum	Winchester	https://www.rhqagc.com/museum.html	pred	
mm.musa.140	Foresters Museum & Archive	Southampton	https://discovery.nationalarchives.gov.uk/details/a/A13530708	pred	
mm.misc.013	Defence Of The Nation Museum And Education Centre	Ramsgate	https://www.inspirock.com/united-kingdom/ramsgate/defence-of-the-nation-museum-and-education-centre-a3335834197	pred	
mm.wiki.213	Ferguson Family Museum	Freshwater	https://www.ferguson-museum.co.uk/	pred	
mm.musa.216	Manor Farm & Country Park	Southampton	https://www.hants.gov.uk/thingstodo/countryparks/manorfarm	pred	
mm.New.77	Midhurst Museum	Midhurst	https://visitmidhurst.com/adverts/the-midhurst-museum/	pred	
mm.domus.SW226	Elizabethan House	Plymouth	https://www.mayfairoffice.co.uk/members-home/British-Architectural-Styles/British-Architectural-Styles-Elizabethan	pred	
mm.domus.SW029	Corinium Museum	Cirencester	https://coriniummuseum.org/	pred	
mm.domus.SW238	Knightshayes Court	Tiverton	https://www.nationaltrust.org.uk/knightshayes	pred	
mm.domus.SW242	Chedworth Roman Villa	Near Cheltenham	https://www.nationaltrust.org.uk/chedworth-roman-villa	manual	
mm.domus.SW211	Dyrham Park	near Chippenham	https://www.nationaltrust.org.uk/dyrham-park	pred	
mm.domus.SW215	Lacock Abbey	near Chippenham	https://www.nationaltrust.org.uk/lacock-abbey-fox-talbot-museum-and-village/features/lacock-on-screen	manual	
mm.aim.1338	Cave Museum	Wells	http://hiddenrivercave.com/	pred	
mm.domus.SW011	Georgian House	Bristol	https://www.realtor.com/advice/buy/what-is-georgian-architecture/	pred	
mm.domus.SW172	Helston Museum	Helston	https://museumofcornishlife.co.uk/	pred	
mm.aim.1308	Weymouth Museum	Weymouth	https://www.weymouthmuseum.org.uk/	manual	
mm.domus.SW137	Tiverton Museum of Mid-Devon Life	Tiverton	https://www.tivertonmuseum.org.uk/	pred	
mm.ace.1097	The New Room	Bristol	https://www.newroombristol.org.uk/	manual	
mm.ace.1165	Royal West Of England Academy	Bristol	https://www.rwa.org.uk/	pred	
mm.domus.SW189	Nothe Fort Weymouth	Weymouth	https://nothefort.org.uk/	manual	
mm.domus.SW117	Gold Hill Museum And Gardens	Shaftesbury	https://goldhillmuseum.org.uk/	pred	
mm.domus.SW138	Torquay Museum	Torquay	http://www.torquaymuseum.org/homepage	pred	
mm.musa.273	Old Crown Court And Cells	Dorchester	https://www.culture24.org.uk/am9856	pred	
mm.domus.SW041	Warminster Museum	Warminster	http://www.warminstermuseum.org.uk/	pred	
mm.misc.047	Cornwall Aviation Heritage Centre	Newquay	https://cornwallaviationhc.co.uk/	manual	
mm.hha.065	Longleat House	Warminster	https://www.longleat.co.uk/longleat-house	pred	
mm.musa.286	Portland Castle	Portland	https://www.english-heritage.org.uk/visit/places/portland-castle/	pred	
mm.musa.092	Cotehele Discovery Centre	Saltash	https://www.nationaltrust.org.uk/cotehele/features/cotehele-quay	pred	
mm.domus.SW145	Wareham Town Museum	Wareham	http://www.greenacre.info/WTM/	pred	
mm.domus.SW053	Holsworthy Museum	Holsworthy	https://www.holsworthymuseum.co.uk/	pred	
mm.domus.SW033	Crewkerne & District Museum And Heritage Centre	Crewkerne	http://www.crewkernemuseum.co.uk/	pred	
mm.domus.SW165	Padstow Museum	Padstow	https://www.padstowmuseum.co.uk/	pred	
mm.domus.SW048	Museum Of Dartmoor Life	Okehampton	http://www.dartmoorlife.org.uk/	pred	
mm.domus.SW116	Wotton Under Edge Heritage Centre	Wotton-under-Edge	https://www.wottonheritage.com/	manual	
mm.domus.SW188	Beaminster Museum	Beaminster	http://beaminstermuseum.co.uk/	pred	
mm.domus.SW157	Ashburton Museum	Ashburton	https://ashburtonmuseum.co.nz/	pred	
mm.ace.1248	Museum Of Computing @ Swindon	Swindon	https://www.museumofcomputing.org.uk/	pred	
mm.domus.SW026	Combe Martin Museum	Combe Martin	https://combemartinmuseum.co.uk/	pred	
mm.wiki.401	Town Hall Museum	Royal Wootton Bassett	https://rwbthm.wordpress.com/	manual	
mm.domus.SW061	Mere Museum	Mere	https://meremuseum.org/	pred	
mm.aim.0098	Bishopsteignton Museum Of Rural Life	Bishopsteignton	https://www.devonmuseums.net/Bishopsteignton-Heritage-(formerly-Museum-of-Rural-Life)/Devon-Museums/	pred	
mm.wiki.086	Thomas Newcomen Engine	Dartmouth	https://discoverdartmouth.com/attraction/the-newcomen-engine	manual	
mm.musa.162	Harltand Quay Museum	Bideford	https://www.hartlandpeninsula.co.uk/see-and-do/find-hartland-quay-shipwreck-and-smuggling-museum.html	pred	
mm.MDN.036	Castletown D-Day Centre	Portland	https://ddaycentre.com/	pred	
mm.domus.SW206	Dunster Dolls Museum	Dunster	http://www.dunstermuseum.co.uk/	pred	
mm.domus.SW156	Sidmouth Museum	Sidmouth	https://www.devonmuseums.net/Sidmouth-Museum/Devon-Museums/	pred	
mm.misc.065	Magnificent Music Machines	Liskeard	closed	manual	
mm.wiki.141	Berkeley Castle	Berkeley	https://www.berkeley-castle.com/	pred	
mm.domus.SW094	Axe Valley Heritage Museum	Seaton	https://www.devonmuseums.net/Axe-Valley-Heritage-Museum/Devon-Museums/	pred	
mm.aim.0713	Oakham Treasures	Bristol	https://www.oakhamtreasures.co.uk/	pred	
mm.wiki.147	Wellington Aviation Museum	Moreton-in-Marsh	https://www.wellingtonaviation.org/	pred	
mm.aim82NM.108	Saltford Brass Mill	Saltford	https://brassmill.com/	pred	
mm.wiki.080	Crediton Museum	Crediton	http://creditonhistory.org.uk/crediton-museum.aspx	pred	
mm.fcm.102	Fossil Museum	Swanage	https://www.squareandcompasspub.co.uk/fossil-museum.html	manual	
mm.aim.1022	The Cider Press Museum	Chagford	https://www.millhousecider.com/	pred	
mm.wiki.144	Dursley Heritage Centre	Dursley	http://www.dursleyhc.org.uk/	pred	
mm.wiki.397	Chiseldon Museum	Chiseldon	http://www.chiseldonlhg.org.uk/the-museum.html	pred	
mm.New.19	Exeter City Football Club Museum	Exeter	http://grecianarchive.exeter.ac.uk/	manual	
mm.domus.WA053	Newport Museum And Art Gallery	Newport	http://www.newport.gov.uk/heritage/en/Museum-Art-Gallery/Museum-Art-Gallery.aspx	pred	
mm.mald.124	Powis Castle	Welshpool	https://www.nationaltrust.org.uk/powis-castle-and-garden	pred	
mm.domus.WA055	Oriel Ynys Mon	Ynys Mon	https://www.orielmon.org/en-gb	pred	
mm.mald.160	Winding House	New Tredegar	https://your.caerphilly.gov.uk/windinghouse/content/welcome	pred	
mm.domus.WA063	South Wales Miners Museum	Port Talbot	https://www.swminers.co.uk/	manual	
mm.domus.WA098	Ty Mawr Wybrnant	Betws-y-Coed	https://www.nationaltrust.org.uk/ty-mawr-wybrnant	pred	
mm.mald.030	Carmarthen Town Museum	Carmarthen	https://www.culture24.org.uk/am41326	pred	
mm.wiki.428	Moelfre Rnli Seawatch	Moelfre	https://rnli.org/find-my-nearest/museums/moelfre-rnli-seawatch-centre	pred	
mm.domus.WA022	Carmarthenshire County Museum	Carmarthen	https://www.discovercarmarthenshire.com/places/carmarthen-the-west/carmarthenshire-museum/	pred	
mm.misc.197	St Winefrides Well: Museum Of The Pilgrimage And Library	Holywell	https://www.stwinefrideswell.org.uk/museum--library.html	pred	
mm.domus.WA049	Milford Haven Heritage And Maritime Museum	Milford Haven	https://www.milfordwaterfront.co.uk/shops-restaurants-things-to-do/milford-haven-museum	pred	
mm.aim.0599	Menai Bridge Heritage Centre	Menai Bridge	https://menaibridges.co.uk/	pred	
mm.domus.WA027	Monmouth Castle And Regimental Museum	Monmouth	http://www.monmouthcastlemuseum.org.uk/	pred	
mm.domus.WA071	South Wales Police Museum	Bridgend	https://www.south-wales.police.uk/police-forces/south-wales-police/areas/about-us/about-us/south-wales-police-heritage-centre/	pred	
mm.domus.WA037	Usk Rural Life Museum	Usk	https://www.uskmuseum.org/	pred	
mm.mald.080	Llywernog Silver-lead Mine Museum	Aberystwyth	https://www.silvermountainexperience.co.uk/llywernog-mine/	pred	
mm.hha.185	Bodrhyddan Hall	Rhuddlan	https://www.bodrhyddan.co.uk/	pred	
mm.aim.0304	Corwen Museum	Corwen	http://www.corwenmuseum.org.uk/	manual	
mm.hha.188	Cornwall House	Monmouth	https://hbd.co.uk/scheme/cornwall-house/	pred	
mm.musa.149	Great Orme Tramway	Llandudno	http://www.greatormetramway.co.uk/	pred	
mm.mald.053	New Glynn Valley Tramway & Industrial Heritage Trust Museum	Glynceiriog	https://www.glynvalleytramway.org.uk/	pred	
mm.mald.157	Uwchgwyrfai Heritage Centre	Caernarfon	no_resource	manual	
mm.domus.WM058	Herbert Art Gallery And Museum	Coventry	https://www.theherbert.org/	pred	
mm.ace.333	Shrewsbury Museum And Art Gallery	Shrewsbury	https://www.shropshiremuseums.org.uk/smag/	pred	
mm.domus.WM033	Anne Hathaways Cottage	Stratford-upon-Avon	https://www.shakespeare.org.uk/visit/anne-hathaways-cottage/	pred	
mm.aim.1329	Winterbourne House And Garden	Birmingham	https://www.winterbourne.org.uk/	manual	
mm.domus.WM126	Blists Hill Victorian Town	Telford	https://www.ironbridge.org.uk/explore/blists-hill-victorian-town/	pred	
mm.domus.WM005	Leamington Art Gallery And Museum	Leamington Spa	https://www.warwickdc.gov.uk/royalpumprooms/info/2/leamington_spa_art_gallery_and_museum	pred	
mm.domus.WM103	Ancient High House	Stafford	https://www.staffordbc.gov.uk/the-ancient-high-house	pred	
mm.domus.WM115	Haden Hill House	Cradley Heath	https://www.sandwell.gov.uk/info/200265/museums_and_art_gallery/11/haden_hill_house_museum_and_haden_old_hall	pred	
mm.ace.1208	Birmingham Back To Backs	Birmingham	https://www.nationaltrust.org.uk/birmingham-back-to-backs	pred	
mm.domus.WM139	Benthall Hall	Broseley	https://www.nationaltrust.org.uk/benthall-hall	pred	
mm.domus.WM052	Midland Air Museum	Baginton	http://www.midlandairmuseum.co.uk/	pred	
mm.wiki.372	Red House Glass Cone	Stourbridge	https://www.dudley.gov.uk/things-to-do/museums/red-house-glass-cone/	pred	
mm.wiki.202	Ledbury Heritage Centre	Ledbury	http://www.ledburyplaces.co.uk/	manual	
mm.domus.WM106	Izaak Walton's Cottage	nr Stafford	https://www.staffordbc.gov.uk/izaak-waltons-cottage	pred	
mm.domus.WM072	Locksmiths House	Willenhall	https://www.bclm.co.uk/locations/the-locksmiths-house/440.htm	pred	
mm.domus.WM145	House On Crutches Museum	Bishops Castle	https://www.hocmuseum.org.uk/	pred	
mm.ace.1288	Claymills Victorian Pumping Station	Burton on Trent	http://www.claymills.org.uk/	pred	
mm.wiki.343	Nicholson Museum & Art Gallery	Leek	https://www.staffsmoorlands.gov.uk/article/2121/The-Nicholson-Museum-and-gallery	pred	
mm.MDN.035	Far Eastern Prisoners Of War Museum	Lichfield	https://www.lstmed.ac.uk/history/far-eastern-prisoners-of-war-fepow	pred	
mm.wiki.404	Military Wireless Museum	Kidderminster	https://www.radiomuseum.org/museum/gb/military-wireless-museum-kidderminster/.html	pred	
mm.wiki.368	Birmingham Gun Barrel Proof House	Birmingham	http://www.gunproof.com/	pred	
mm.hha.116	Little Malvern Court	Nr. Malvern	http://www.littlemalverncourt.co.uk/	pred	
mm.ace.1166	Roman Alcester	Alcester	http://romanalcester.org/	pred	
mm.musa.372	Webb Ellis Rugby Football Museum	Rugby	no_resource	manual	
mm.aim.1040	The Dudson Museum	Stoke-on-Trent	https://dudsoncentre.org.uk/dudson-museum/	pred	
mm.wiki.341	Apedale Heritage Centre	Sheffield	https://www.apedale.co.uk/	pred	
mm.hha.112	Arbury Hall	Nuneaton	https://arburyestate.co.uk/	pred	
mm.New.121	The Museum of Saint John Henry Cardinal Newman	Birmingham	https://www.birminghamoratory.org.uk/cardinal-newman-museum/	pred	
mm.domus.YH133	Hull Maritime Museum	Hull	https://www.hcandl.co.uk/museums-and-galleries/hull-maritime-museum/maritime-museum	pred	
mm.domus.YH035	Cartwright Hall Art Gallery	Bradford	https://www.bradfordmuseums.org/venues/cartwright-hall-art-gallery	manual	
mm.domus.YH020	Weston Park Museum	Sheffield	https://www.museums-sheffield.org.uk/museums/weston-park/home	pred	
mm.domus.YH101	Bronte Parsonage Museum	Keighley	https://www.bronte.org.uk/	manual	
mm.domus.YH157	Nostell Priory	nr Wakefield	https://www.nationaltrust.org.uk/nostell	pred	
mm.domus.YH003	Leeds City Museum	Leeds	https://museumsandgalleries.leeds.gov.uk/leeds-city-museum/	pred	
mm.domus.YH066	Embsay & Bolton Abbey Steam Railway	nr Skipton	https://www.embsayboltonabbeyrailway.org.uk/	pred	
mm.domus.YH007	Temple Newsam House	Leeds	https://museumsandgalleries.leeds.gov.uk/temple-newsam/	pred	
mm.domus.YH049	Dales Countryside Museum	Hawes	https://www.dalescountrysidemuseum.org.uk/	pred	
mm.domus.YH045	Worsbrough Mill Museum	Barnsley	http://www.worsbrough-mill.com/	manual	
mm.domus.YH168	Beverley Art Gallery	Beverley	https://artuk.org/visit/venues/beverley-art-gallery-3517	manual	
mm.domus.YH088	Ripon Prison And Police Museum	Ripon	https://riponmuseums.co.uk/museums/prison_police_museum/	pred	
mm.domus.YH030	Barley Hall	York	https://barleyhall.co.uk/	manual	
mm.domus.YH103	The Prince Of Waless Own Regiment Of Yorkshire Museum	York	https://www.yorkarmymuseum.co.uk/prince-of-wales.php	pred	
mm.domus.YH017	Batley Art Gallery	Batley	https://www.kirklees.gov.uk/batleygallery	pred	
mm.wiki.306	Richard III Experience	York	https://richardiiiexperience.com/	pred	
mm.domus.YH116	Heptonstall Museum	Heptonstall	https://museums.calderdale.gov.uk/visit/heptonstall-museum	pred	
mm.domus.YH170	Rievaulx Abbey	Helmsley	https://www.english-heritage.org.uk/visit/places/rievaulx-abbey/	pred	
mm.domus.YH089	Richmondshire Museum	Richmond	http://www.richmondshiremuseum.org.uk/	pred	
mm.domus.YH125	Malton Museum	Malton	https://www.maltonmuseum.co.uk/	pred	
mm.musa.130	Experience Barnsley	Barnsley	http://www.experience-barnsley.com/	pred	
mm.aim.0112	Bradford Police Museum	Bradford	http://www.bradfordpolicemuseum.com/	pred	
mm.hha.128	Sutton Park	Sutton-on-the-Forest	https://www.birmingham.gov.uk/info/20089/parks/405/sutton_park	pred	
mm.domus.YH150	Queens Own Yorkshire Yeomanry Museum	York	https://ageofrevolution.org/venues/yorkshire-yeomanry-museum/	pred	
mm.musa.391	Wortley Top Forge	Sheffield	https://www.topforge.co.uk/	pred	
mm.wiki.304	Hovingham Hall	York	https://www.hovingham.co.uk/	pred	
mm.wiki.100	Flamborough Head Lighthouse Visitor Centre	Flamborough	https://www.trinityhouse.co.uk/lighthouse-visitor-centres/flamborough-lighthouse-visitor-centre	pred	
mm.domus.YH087	Robin Hoods Bay & Fylingdales Museum	Whitby	http://museum.rhbay.co.uk/	pred	
mm.New.70	Queen's Mill	Castleford	http://www.castlefordheritagetrust.org.uk/TheMill.php	manual	
