	domain
nationaltrust.org.uk	179
english-heritage.org.uk	52
no_resource.	33
visitscotland.com	24
nts.org.uk	21
historicenvironment.scot	19
discovernorthernireland.com	18
artuk.org	14
hampshireculture.org.uk	14
closed.	11
museumsincornwall.org.uk	11
devonmuseums.net	11
edinburghmuseums.org.uk	9
norfolk.gov.uk	9
glasgowlife.org.uk	9
cam.ac.uk	9
museum.wales	9
ironbridge.org.uk	9
leeds.gov.uk	9
wordpress.com	8
birminghammuseums.org.uk	8
ed.ac.uk	8
dgculture.co.uk	8
liverpoolmuseums.org.uk	8
culture24.org.uk	8
visitisleofman.com	7
hrp.org.uk	7
visitwales.com	7
onfife.com	7
visitnorfolk.co.uk	6
gov.gg	6
jerseyheritage.org	6
ox.ac.uk	6
sussexpast.co.uk	5
culturenl.co.uk	5
btck.co.uk	5
abdn.ac.uk	5
visit-nottinghamshire.co.uk	5
stockport.gov.uk	5
kirklees.gov.uk	5
sandwell.gov.uk	5
tate.org.uk	5
iwm.org.uk	5
lancashire.gov.uk	5
hcandl.co.uk	5
cimuseums.org.uk	5
inspirock.com	5
liveborders.org.uk	5
visitisleofwight.co.uk	5
nmrn.org.uk	5
historichouses.org	5
britainexpress.com	5
westcheshiremuseums.co.uk	4
brightonmuseums.org.uk	4
rnli.org	4
nationalgalleries.org	4
bbk.ac.uk	4
southendmuseums.co.uk	4
dorsetmuseums.co.uk	4
nms.ac.uk	4
bradfordmuseums.org	4
whichmuseum.com	4
museums-sheffield.org.uk	4
museumsnorthumberland.org.uk	4
tracesofwar.com	4
lancaster.gov.uk	4
orkney.gov.uk	4
undiscoveredscotland.co.uk	4
tameside.gov.uk	4
calderdale.gov.uk	4
swheritage.org.uk	4
visitarmagh.com	4
canalrivertrust.org.uk	4
ucl.ac.uk	3
eastayrshireleisure.com	3
younggallerysalisbury.co.uk	3
etoncollege.com	3
historicengland.org.uk	3
guildford.gov.uk	3
culturepk.org.uk	3
royalarmouries.org	3
angusalive.scot	3
wakefield.gov.uk	3
dur.ac.uk	3
doncaster.gov.uk	3
eastridingmuseums.co.uk	3
macclesfieldmuseums.co.uk	3
cityoflondon.gov.uk	3
shetlandheritageassociation.com	3
rmg.co.uk	3
simt.co.uk	3
bristolmuseums.org.uk	3
riponmuseums.co.uk	3
manxnationalheritage.im	3
manchester.ac.uk	3
webs.com	3
reading.ac.uk	3
suffolkmuseums.org	3
visitabdn.com	3
e-voice.org.uk	3
facebook.com	3
visitangus.com	3
rct.uk	3
maidstone.gov.uk	3
visitlincoln.com	3
staffordbc.gov.uk	3
westlothian.gov.uk	3
wolverhamptonart.org.uk	3
museumsworcestershire.org.uk	3
lincolnshire.gov.uk	3
nmni.com	3
leeds.ac.uk	3
visitleicester.info	3
visit-swale.co.uk	3
denbighshire.gov.uk	3
shakespeare.org.uk	3
canterburymuseums.co.uk	3
midandeastantrim.gov.uk	3
lakelandarts.org.uk	3
causewaycoastandglens.gov.uk	3
chelmsford.gov.uk	3
visitherefordshire.co.uk	3
wixsite.com	3
vam.ac.uk	3
visitsoutheastengland.com	2
greenwichheritage.org	2
oxfordshire.gov.uk	2
rafmuseum.org.uk	2
fwheritage.co.uk	2
visitcheltenham.com	2
oxfordbusmuseum.org	2
gov.wales	2
discoverymuseum.org.uk	2
visitmaidstone.com	2
derbymuseums.org	2
bclm.co.uk	2
ageofrevolution.org	2
barsailinst.org.uk	2
arts.ac.uk	2
sal.org.uk	2
sheringhamsociety.com	2
friendsofhoneywood.co.uk	2
nhm.ac.uk	2
st-andrews.ac.uk	2
museumoflondon.org.uk	2
visitlancashire.com	2
bartshealth.nhs.uk	2
johnmooremuseum.org	2
culturetrust.com	2
royal.uk	2
bkrailway.co.uk	2
ford-and-etal.co.uk	2
buckinghamoldgaol.org.uk	2
dayoutwiththekids.co.uk	2
ryemuseum.co.uk	2
hptramway.co.uk	2
onesuffolk.net	2
hants.gov.uk	2
mod.uk	2
armadalecastle.com	2
stokemuseums.org.uk	2
aberdeencity.gov.uk	2
henry-moore.org	2
waterworksmuseum.org.uk	2
gla.ac.uk	2
dudley.gov.uk	2
hanesllambed.org.uk	2
watfordmuseum.org.uk	2
sportingheritage.org.uk	2
derbyshire.gov.uk	2
vivacity.org	2
sussexmuseums.co.uk	2
salvationarmy.org.uk	2
visitlincscoast.co.uk	2
west-somerset-railway.co.uk	2
unstheritage.com	2
thecollectionmuseum.com	2
britishmuseum.org	2
privatehousestays.com	2
yorkshire.com	2
glynvalleytramway.org.uk	2
lythamwindmill.co.uk	2
thenvm.org	2
royal-irish.com	2
visitouterhebrides.co.uk	2
keepmilitarymuseum.org	2
poolemuseum.org.uk	2
livelifeaberdeenshire.org.uk	2
highlifehighland.com	2
shetlandmuseumandarchives.org.uk	2
kettering.gov.uk	2
totalgiving.co.uk	2
daysoutscotland.com	2
nmmc.co.uk	2
boltonlams.co.uk	2
westberkshireheritage.org	2
moray.gov.uk	2
renfrewshireleisure.com	2
sledmerehouse.com	2
visitlondon.com	2
edlc.co.uk	2
wimbledonsociety.org.uk	2
powys.gov.uk	2
manutd.com	2
oriel.org.uk	2
tulliehouse.co.uk	2
blogspot.com	2
atlasobscura.com	2
slleisureandculture.co.uk	2
kew.org	2
visitguernsey.com	2
visitconwy.org.uk	2
visitanglesey.co.uk	2
paisley.is	2
hallplace.org.uk	2
aucklandproject.org	2
nam.ac.uk	2
keele.ac.uk	2
forgemill.org.uk	2
readingmuseum.org.uk	2
crawleymuseums.org	2
harwich-society.co.uk	2
wrexham.gov.uk	2
vindolanda.com	2
llyw.cymru	2
visitmonmouthshire.com	2
visitlanarkshire.com	2
steamheritage.co.uk	2
scarboroughmuseumstrust.com	2
beaulieu.co.uk	2
rhqagc.com	2
copperkingdom.co.uk	2
list.co.uk	2
alamy.com	2
rbkc.gov.uk	2
visitharrogate.co.uk	2
warwickshire.gov.uk	2
torquaymuseum.org	2
cliftonpark.org.uk	2
dundee.ac.uk	2
ragm.co.uk	2
fusiliermuseumlondon.org	2
cenonline.org	2
favershamsociety.org	2
liverpool.ac.uk	2
richardiiiexperience.com	2
trinityhouse.co.uk	2
visitbrighton.com	2
chesterfield.gov.uk	2
gretnagreen.com	1
cromarty-courthouse.org.uk	1
hmswarrior.org	1
fryartgallery.org	1
arleyhallandgardens.com	1
staffordshirefreemasons.org.uk	1
museumofabernethy.co.uk	1
darwenheritagecentre.org.uk	1
tankmuseum.org	1
oxford.gov.uk	1
stosyth.gov.uk	1
dbtc.co.uk	1
gibberdgallery.co.uk	1
greatormetramway.co.uk	1
combemartinmuseum.co.uk	1
hoghtontower.co.uk	1
nottage.org.uk	1
chaplains-museum.co.uk	1
aldeburghmuseum.org.uk	1
arundelcastle.org	1
oswestrytownmuseum.co.uk	1
dennyfarmlandmuseum.org.uk	1
southwales.ac.uk	1
caerhays.co.uk	1
corris.co.uk	1
horwichheritage.co.uk	1
irishart.com	1
jorvikvikingcentre.co.uk	1
nantgarwchinaworksmuseum.co.uk	1
tangwickhaa.org.uk	1
rcog.org.uk	1
visitnesm.org.uk	1
eastsomersetrailway.com	1
purbeckminingmuseum.org	1
nelsam.org.uk	1
kingedwardmine.co.uk	1
busheymuseum.org	1
19princeletstreet.org.uk	1
belleek.com	1
midlandrailway-butterley.co.uk	1
johnsmotorcyclenews.co.uk	1
shropshirehistory.org.uk	1
milfordwaterfront.co.uk	1
kiplinhall.co.uk	1
thehigginsbedford.org.uk	1
paxtonhouse.co.uk	1
goldhillmuseum.org.uk	1
thursford.com	1
seacitymuseum.co.uk	1
chiswickhouseandgardens.org.uk	1
rwfmuseum.org.uk	1
rafburtonwoodheritagecentre.co.uk	1
stalbansorgantheatre.org.uk	1
russellcotes.com	1
pembrokecastle.co.uk	1
silverstone-experience.co.uk	1
diseworthcentre.org	1
thebirkenheadpriory.org	1
nazeing-glass.com	1
nantwichmuseum.org.uk	1
selseylifeboats.co.uk	1
bda.org	1
baylemuseum.co.uk	1
militaryintelligencemuseum.org	1
cheshiremilitarymuseum.co.uk	1
isleofbarra.com	1
silvermountainexperience.co.uk	1
tudorhouseandgarden.com	1
thaxted.co.uk	1
warhorsevalley.co.uk	1
thedinosaurmuseum.com	1
downrail.co.uk	1
benjaminfranklinhouse.org	1
kentmomi.org	1
rodehall.co.uk	1
whitewebbsmuseum.co.uk	1
hinckleydistrictmuseum.org.uk	1
banburymuseum.org	1
theblackwatch.co.uk	1
tetbury.gov.uk	1
meremuseum.org	1
summerwine-holmfirth.co.uk	1
ncm.org.uk	1
countytimes.co.uk	1
strawberryhillhouse.org.uk	1
policemuseum.org.uk	1
kraftinwood.com	1
bodminrailway.co.uk	1
cravencollection.co.uk	1
lancastercastle.com	1
strumpshawsteammuseum.co.uk	1
karu.org.uk	1
coningsbyhospital.co.uk	1
paradata.org.uk	1
shipspace.co.uk	1
thehublimited.co.uk	1
mansionhouseyork.com	1
visiteppingforest.org	1
doddingtonhall.com	1
ceredigionmuseum.wales	1
jamaicainn.co.uk	1
whittingtoncourt.co.uk	1
bosworthbattlefield.org.uk	1
mevagisseymuseum.com	1
thamemuseum.org	1
kentwell.co.uk	1
horniman.ac.uk	1
jensenmuseum.org	1
winchelsea.com	1
rctam94th.co.uk	1
uca.ac.uk	1
essexwt.org.uk	1
roddymccorley.com	1
fruitmarket.co.uk	1
squareandcompasspub.co.uk	1
military-airshows.co.uk	1
ulsteraviationsociety.org	1
poomuseum.org	1
hmag.org.uk	1
sherbornemuseum.co.uk	1
visitstannes.info	1
athelstanmuseum.org.uk	1
beaminstermuseum.co.uk	1
tattonpark.org.uk	1
crannog.co.uk	1
steamtrainsireland.com	1
edinburghcastle.scot	1
laurel-and-hardy.co.uk	1
bexhillmuseum.org.uk	1
gordonboswellromanymuseum.co.uk	1
visitswanseabay.com	1
carmengfc.com	1
visitessex.com	1
buntingford.com	1
methodistheritage.org.uk	1
fortamherst.com	1
thegurkhamuseum.co.uk	1
portsunlightvillage.com	1
gcrailway.co.uk	1
maritimearchaeologytrust.org	1
shipwreckcharlestown.co.uk	1
wellingborough.gov.uk	1
honitonmuseum.co.uk	1
dufftown.co.uk	1
ksymuseum.org.uk	1
gsmd.ac.uk	1
mocft.co.uk	1
royalmintmuseum.org.uk	1
highclerecastle.co.uk	1
sandtoft.org.uk	1
mmu.ac.uk	1
lowewoodmuseum.com	1
theddaystory.com	1
krm.org.uk	1
stmarys-priory.org	1
visitbelfast.com	1
southamptoncityartgallery.com	1
kosb.co.uk	1
nelincs.gov.uk	1
aberdeensciencecentre.org	1
alfordmanorhouse.co.uk	1
rgjmuseum.co.uk	1
stonor.com	1
greenfieldvalley.com	1
lilliputmuseum.co.uk	1
culturewarrington.org	1
hmsgangesmuseum.com	1
elsecar-heritage.com	1
unas.org.uk	1
actonscott.com	1
rpharms.com	1
shropshire.gov.uk	1
moretonmotormuseum.co.uk	1
threlkeldquarryandminingmuseum.co.uk	1
chasewaterrailway.co.uk	1
hopewellcolliery.com	1
meltonmuseum.org	1
morganmuseum.org.uk	1
wellingtonestates.co.uk	1
salford.ac.uk	1
computermuseum.org.uk	1
leightonhall.co.uk	1
haringey.gov.uk	1
rctcbc.gov.uk	1
treasuresoftheearth.co.uk	1
mylondon.news	1
hawksheadgrammar.org.uk	1
welshguardscharity.co.uk	1
islington.gov.uk	1
blandfordfashionmuseum.co.uk	1
savingsbanksmuseum.co.uk	1
titanicbelfast.com	1
harrowschool.org.uk	1
fleetwoodmuseum.co.uk	1
derwentvalleymills.org	1
raby.co.uk	1
kent.gov.uk	1
haveringmuseum.org.uk	1
coam.org.uk	1
rcpsg.ac.uk	1
gardencitycollection.com	1
museuminthepark.org.uk	1
dorchester-abbey.org.uk	1
shipleyartgallery.org.uk	1
cornwallaviationhc.co.uk	1
bignorromanvilla.co.uk	1
marketlavingtonmuseum.org.uk	1
mellerstain.com	1
secretbunker.co.uk	1
churnetvalleyrailway.co.uk	1
lucs.org.uk	1
gemrock.net	1
visitnorthlincolnshire.com	1
antiquebreadboards.com	1
gorhamburyestate.co.uk	1
llanyrafonmanor.org	1
cadhay.org.uk	1
stgeorges.nhs.uk	1
khas.co.uk	1
motoringheritage.co.uk	1
swtpg.org.uk	1
datchworth.com	1
householdcavalrymuseum.co.uk	1
cawdorcastle.com	1
walsinghamvillage.org	1
chorley.gov.uk	1
nnrailway.co.uk	1
hocmuseum.org.uk	1
guildford-cathedral.org	1
staffordshire.gov.uk	1
florence-nightingale.co.uk	1
rescuewoodenboats.com	1
nationalfootballmuseum.com	1
arbeiaromanfort.org.uk	1
thewhoshop.com	1
doverymanormuseum.org.uk	1
knutsfordheritage.co.uk	1
museumofbatharchitecture.org.uk	1
lennoxlove.com	1
tamworthcastle.co.uk	1
dwr.org.uk	1
britishmusicexperience.com	1
sudeleycastle.co.uk	1
colytonheritagecentre.org	1
worldofcountrylife.co.uk	1
riscamuseum.org.uk	1
horsepowermuseum.co.uk	1
fifefolkmuseum.org	1
cinemamuseum.org.uk	1
artfund.org	1
armaghrobinsonlibrary.co.uk	1
museumfreemasonry.org.uk	1
cowperandnewtonmuseum.org.uk	1
swan.ac.uk	1
haslemeremuseum.co.uk	1
wycombemuseum.org.uk	1
bentleypriorymuseum.org.uk	1
phm.org.uk	1
thespring.co.uk	1
hartlandpeninsula.co.uk	1
tolpuddlemartyrs.org.uk	1
papplewickpumpingstation.org.uk	1
nationalmotorcyclemuseum.co.uk	1
portlandmuseum.co.uk	1
porteliot.co.uk	1
experiencewakefield.co.uk	1
nothefort.org.uk	1
sdjr.co.uk	1
mallaigheritage.org.uk	1
illbemother.co.uk	1
grassingtonfolkmuseum.org.uk	1
constantinecornwall.com	1
rcm.ac.uk	1
hertsmere.gov.uk	1
taylorbells.co.uk	1
hyndburnbc.gov.uk	1
bristol.ac.uk	1
fakenhamgasmuseum.com	1
denbypottery.com	1
skaillhouse.co.uk	1
ilkleytoymuseum.co.uk	1
pencarrow.co.uk	1
southdevonrailway.co.uk	1
tewkesburyheritage.co.uk	1
jerseywartunnels.com	1
royalwelsh.org.uk	1
whitchurch-heritage.co.uk	1
godintonhouse.co.uk	1
dorfold.com	1
elingexperience.co.uk	1
louthmuseum.org.uk	1
runescape.wiki	1
coventrywatchmuseum.co.uk	1
sherbornecastle.com	1
carlislecathedral.org.uk	1
dalgarvenmill.org.uk	1
thenewartgallerywalsall.org.uk	1
ddaycentre.com	1
chardmuseum.co.uk	1
digyork.com	1
redcarcleveland.co.uk	1
murtonpark.co.uk	1
delgatiecastle.com	1
scientificamerican.com	1
hockeymuseum.net	1
meopham.org	1
barnetmuseum.co.uk	1
ullapoolmuseum.co.uk	1
elhamvalleylinetrust.org	1
cios.org.je	1
scarboroughsmaritimeheritage.org.uk	1
bishopspalace.org.uk	1
powderham.co.uk	1
dinosaurexpeditions.co.uk	1
eatransportmuseum.co.uk	1
museumofbrands.com	1
west-dunbarton.gov.uk	1
royalsignalsmuseum.co.uk	1
museumofthehome.org.uk	1
rrm.co.uk	1
hylandsestate.co.uk	1
rail.co.uk	1
mirehouse.co.uk	1
teescottage.co.uk	1
tivertoncastle.com	1
britannica.com	1
laceguild.org	1
machynlleth.org.uk	1
turtontower.co.uk	1
warwickshire-yeomanry-museum.co.uk	1
fansmuseum.org	1
cameramuseum.uk	1
liverpoolfc.com	1
theharris.org.uk	1
clink.co.uk	1
airworldmuseum.com	1
glastonburyabbey.com	1
radstockmuseum.co.uk	1
culturehartlepool.com	1
westonmuseum.org	1
visitmidwales.co.uk	1
sendandripleyhistorysociety.co.uk	1
rbsa.org.uk	1
caudwellsmill.co.uk	1
ugbrooke.co.uk	1
cnam.org.uk	1
bamburghcastle.com	1
vintagecarriagestrust.org	1
dormanmuseum.co.uk	1
old-byre.co.uk	1
visitpreston.com	1
bishopshouse.org.uk	1
blackburnmuseum.org.uk	1
redlodgekarting.com	1
hayleheritagecentre.org.uk	1
floorscastle.com	1
manderston.com	1
alfordheritagemuseum.com	1
wylamparishcouncil.org.uk	1
chainbridgehoney.com	1
stonescience.co.uk	1
tavistockmuseum.co.uk	1
visitnewmills.co.uk	1
nationalstonecentre.org.uk	1
sudburyheritagecentre.co.uk	1
erih.net	1
royalcrownderbymuseum.com	1
stromnessmuseum.org.uk	1
whitchurchsilkmill.org.uk	1
visit-dorset.com	1
humboldt.edu	1
hac.org.uk	1
traquo.com	1
verdantworks.co.uk	1
storymuseum.org.uk	1
frazernasharchives.co.uk	1
marshlandmaritimemuseum.com	1
andrewloganmuseum.org	1
irchesterrailwaymuseum.co.uk	1
railstory.co.uk	1
colnevalleymuseum.org.uk	1
biggarmuseumtrust.co.uk	1
dailyrecord.co.uk	1
courtauld.ac.uk	1
hospitalfield.org.uk	1
rokebypark.com	1
bellingham-heritage.org.uk	1
expedia.ie	1
tainmuseum.org.uk	1
cowbridgemuseum.org.uk	1
stevenage.gov.uk	1
gtm.org.uk	1
littlehamptonmuseum.co.uk	1
cne-siar.gov.uk	1
wrha.org.uk	1
fossilgroveglasgow.org	1
newhamgrangefarm.co.uk	1
mechanics-trust.org.uk	1
elshamwolds.org.uk	1
eastbournernli.org	1
themerchantshouse.co.uk	1
gleneskretreat.scot	1
renishaw-hall.co.uk	1
annan.org.uk	1
showcaves.co.uk	1
bacupnaturalhistorysociety.co.uk	1
visitcheshire.com	1
cafcmuseum.net	1
cambrianrailways.com	1
nationalhistoricships.org.uk	1
otford.co.uk	1
britishcommercialvehiclemuseum.com	1
nationalsikhmuseum.com	1
broravillage.scot	1
dudsoncentre.org.uk	1
worldofjamesherriot.com	1
watchetmuseum.co.uk	1
barleylands.co.uk	1
belpernorthmill.org.uk	1
wisbechmuseum.org.uk	1
museumofwitchcraftandmagic.co.uk	1
twinings.co.uk	1
hounslow.gov.uk	1
yorkshireccc.com	1
burnhammuseum.co.uk	1
heritageburghlemarsh.co.uk	1
mkheritage.org.uk	1
storringtonmuseum.com	1
wllr.org.uk	1
rodmarton-manor.co.uk	1
dingwallmuseum.co.uk	1
wanboroughgreatbarn.co.uk	1
thackraymuseum.co.uk	1
skyecomuseum.co.uk	1
nationalgasmuseum.org.uk	1
melbournehall.com	1
scampston.co.uk	1
shellmuseum.org.uk	1
dorichhousemuseum.org.uk	1
robertowenmuseum.co.uk	1
applecrossheritage.org.uk	1
largsonline.co.uk	1
stonehaventolbooth.co.uk	1
dmoft.co.uk	1
hungate.org.uk	1
tomboftheeagles.co.uk	1
thepipingcentre.co.uk	1
northampton.gov.uk	1
petworthcottagemuseum.co.uk	1
bangor.ac.uk	1
seearoundbritain.com	1
godmanchester.co.uk	1
nortonconyers.org.uk	1
lydiardpark.org.uk	1
liverpoolcathedral.org.uk	1
hbd.co.uk	1
dewaromanexperience.co.uk	1
avoncroft.org.uk	1
scawbyhall.com	1
merseyferries.co.uk	1
jarrowhall.org.uk	1
liverpoolbeatlesmuseum.com	1
argylls.co.uk	1
cogges.org.uk	1
the-ropewalk.co.uk	1
maryrose.org	1
saltash.org	1
riflesmuseum.co.uk	1
metheringhamairfield.co.uk	1
rammuseum.org.uk	1
battlefieldline.co.uk	1
shirehorseandcarriagemuseum.org.uk	1
bidefordrailway.co.uk	1
woburnheritagemuseum.co.uk	1
newportstreetgallery.com	1
soldiersofglos.com	1
exeter.ac.uk	1
royalleicestershireregiment.org.uk	1
waremuseum.org.uk	1
dewsburybusmuseum.org	1
hammerwoodpark.co.uk	1
fenlandaviationmuseum.org.uk	1
eastlothian.gov.uk	1
harlow.gov.uk	1
kent.police.uk	1
berkspgl.org.uk	1
kegworthmuseum.org.uk	1
southwoldsailorsreadingroom.co.uk	1
dunwichmuseum.org.uk	1
brixhambattery.net	1
head-of-steam.co.uk	1
totnesmuseum.org	1
cattonhall.co.uk	1
pitlochryandmoulinheritagecentre.co.uk	1
kelvinhall.net	1
armytigers.com	1
nationaljusticemuseum.org.uk	1
cheniesmanorhouse.co.uk	1
lifeinalens.com	1
sittingbourne-museum.co.uk	1
friendsofmaud.org.uk	1
svr.co.uk	1
coastalmuseum.org	1
secretnuclearbunker.com	1
littlehall.org.uk	1
gariochheritage.co.uk	1
pictoncastle.co.uk	1
smithartgalleryandmuseum.co.uk	1
ironstonemuseum.co.uk	1
orielmon.org	1
miltonmanorhouse.com	1
ohyeahbelfast.com	1
monlife.co.uk	1
roman-sandy.com	1
rockinghamcastle.com	1
barrcastle.co.uk	1
inniskillingsmuseum.com	1
wzlet.org	1
keswickmuseum.org.uk	1
museumoftechnology.com	1
designmuseum.org	1
merseamuseum.org.uk	1
bournemouth.co.uk	1
thevaliantsoldier.co.uk	1
redbournvillage.org.uk	1
bishopswalthammuseum.com	1
frogmorepapermill.org.uk	1
tringlocalhistorymuseum.org.uk	1
mybostonuk.com	1
desboroughheritagecentre.co.uk	1
cravendc.gov.uk	1
visitnewcastleton.com	1
pism.co.uk	1
bhmm.org.uk	1
wottonheritage.com	1
greenhowards.org.uk	1
killeeshilclonaneese.org	1
greatnorthmuseum.org.uk	1
prickwillowmuseum.com	1
fileymuseum.org.uk	1
medwayqueen.co.uk	1
oldhousemuseum.org.uk	1
oldpolicecellsmuseum.org.uk	1
solentsky.org	1
sywellaviationmuseum.org.uk	1
primaryhomeworkhelp.co.uk	1
crawfordjohn.org	1
roseberyestates.co.uk	1
brynmawrmuseum.org.uk	1
truecrimemuseum.co.uk	1
thorney-museum.org.uk	1
gsa.ac.uk	1
craftysewer.com	1
maidenheadheritage.org.uk	1
rainhilltrials.co.uk	1
cuckfieldmuseum.org	1
390th.org	1
twyfordwaterworks.co.uk	1
visitwirral.com	1
heritageofgolf.org	1
welcometoiona.com	1
gardenmuseum.org.uk	1
coffinworks.org	1
youtube.com	1
cmsm.co.uk	1
pershoreheritage.co.uk	1
londonscottishregt.org	1
weston-park.com	1
whamond.com	1
merriam-webster.com	1
sturminsternewton-museum.co.uk	1
wirksworthheritage.co.uk	1
chambercombemanor.org.uk	1
turnershouse.org	1
testingmuseum.org.uk	1
stoneleighabbey.org	1
hendredmuseum.org.uk	1
castlecarymuseum.org.uk	1
nomadicbelfast.com	1
enniskillencastle.co.uk	1
bedalemuseum.org.uk	1
rdgmuseum.org.uk	1
smithsonfarm.co.uk	1
manchesterjewishmuseum.com	1
stradeycastle.com	1
fairorganmuseum.org.uk	1
americanmuseum.org	1
oldbrookpumping.co.uk	1
bramhampark.co.uk	1
rugbyschool.co.uk	1
dunkeldcathedral.org.uk	1
tnmoc.org	1
bressingham.co.uk	1
gwili-railway.co.uk	1
lissanhouse.com	1
typawb.wales	1
buckscountymuseum.org	1
wimbledonwindmill.org.uk	1
calderdaleindustrial.co.uk	1
dunbeath-heritage.org.uk	1
sidneynolantrust.org	1
eastbourneheritagecentre.co.uk	1
stmarysbramber.co.uk	1
grandlodgescotland.com	1
dockmuseum.org.uk	1
cresselly.com	1
nwamuseum.co.uk	1
shef.ac.uk	1
daventrymuseum.org.uk	1
trenchardmuseum.org.uk	1
brightonandhovealbion.com	1
visitpenistone.co.uk	1
blenheimpalace.com	1
kirkcudbrightgalleries.org.uk	1
cartoonmuseum.org	1
halsteadhistory.org.uk	1
creswell-crags.org.uk	1
martonmuseum.co.uk	1
aviationmuseum.net	1
carisbrookecastlemuseum.org.uk	1
lythamhall.org.uk	1
royalirishfusiliersmuseum.com	1
cotswoldmotoringmuseum.co.uk	1
glenfinnanstationmuseum.co.uk	1
greenknowe.co.uk	1
pierartscentre.com	1
gloucesterquays.co.uk	1
imminghammuseum.org	1
oakhamcastle.org	1
dalescountrysidemuseum.org.uk	1
ramsgatetunnels.org	1
nationaltrust.gg	1
harewood.org	1
eastriding.gov.uk	1
cheddargorge.co.uk	1
northingsfarmmuseum.co.uk	1
foundlingmuseum.org.uk	1
statfold.com	1
moraymotormuseum.org	1
the-bay-museum.co.uk	1
arisaiginfo.org.uk	1
quaker-tapestry.co.uk	1
millomdiscoverycentre.co.uk	1
merchantshallyork.org	1
tudorworld.com	1
306bg.co.uk	1
lismoregaelicheritagecentre.org	1
swedenborg.org.uk	1
chelsea-pensioners.co.uk	1
birmingham.gov.uk	1
northamptonshiresurprise.com	1
corsham-court.co.uk	1
museumssites.com	1
nymr.co.uk	1
link4life.org	1
lisburnmuseum.com	1
islaymuseum.org	1
rumstory.co.uk	1
wigan.gov.uk	1
quilt.org.uk	1
wasleys.org.uk	1
dylanthomas.com	1
patrickcollection.org	1
charleston.org.uk	1
ripleycastle.co.uk	1
pwpark.com	1
deanheritagecentre.com	1
barrywarmuseum.co.uk	1
bankofengland.co.uk	1
greatdunmowmuseum.org.uk	1
heughbattery.co.uk	1
lovewatchet.co.uk	1
flinthammuseum.org.uk	1
sandsidbury.co.uk	1
museu.ms	1
nationalbadmintonmuseum.com	1
evmt.org.uk	1
chiseldonlhg.org.uk	1
butemuseum.org.uk	1
visitharleston.org.uk	1
fetlar.org	1
humbermuseums.com	1
ryeartgallery.co.uk	1
wainfleet.info	1
bradfordonavonmuseum.co.uk	1
terracottawarriors.co.uk	1
museumofcomedy.com	1
bluebell-railway-museum.co.uk	1
mountstuart.com	1
mayfairoffice.co.uk	1
swanseamuseum.co.uk	1
killhope.org.uk	1
stbarbe-museum.org.uk	1
shakespearesglobe.com	1
nmcentre.org.uk	1
burghley.co.uk	1
gwrmuseumcoleford.co.uk	1
bawdseyradar.org.uk	1
richardjefferies.org	1
muncaster.co.uk	1
rbcft.co.uk	1
museumofvictorianscience.co.uk	1
oldoperatingtheatre.com	1
celticfc.com	1
mslr.org.uk	1
staffsmoorlands.gov.uk	1
orleanshousegallery.org	1
southdownsheritagecentre.co.uk	1
harringtonmuseum.org.uk	1
lowestoftmaritimemuseum.co.uk	1
bedford.gov.uk	1
hatfield-house.co.uk	1
bagshotvillage.org.uk	1
londonfilmmuseum.com	1
practicalactionpublishing.com	1
modip.ac.uk	1
aniodhlann.org.uk	1
lonelyplanet.com	1
greatukpubs.co.uk	1
droitwichheritagecentre.org.uk	1
hu12.online	1
belvoircastle.com	1
dursleyhc.org.uk	1
folkestonemuseum.co.uk	1
womenslibrary.org.uk	1
brenzettaero.co.uk	1
elstree-museum.org.uk	1
granthammuseum.org.uk	1
minstergatehouse.co.uk	1
upperheyfordheritage.co.uk	1
moffatmuseum.co.uk	1
drjohnsonshouse.org	1
canterbury.ac.uk	1
wythall.org.uk	1
combemill.co.uk	1
llangollenmuseum.org.uk	1
chideockandseatown.co.uk	1
crailmuseum.uk	1
visitsnowdonia.info	1
bressay.org	1
linlithgowmuseum.org	1
chatterismuseum.org.uk	1
prebendal-manor.co.uk	1
boveytracey.gov.uk	1
evwat.co.uk	1
nramuseum.org	1
falmouthartgallery.com	1
scrivenersbooks.co.uk	1
norfolkbroads.com	1
orieldavies.org	1
orkney.com	1
sandringhamestate.co.uk	1
kingjohnshouse.org.uk	1
dollarmuseum.org.uk	1
museumonthemound.com	1
rural-life.org.uk	1
jersey.com	1
desertrats.org.uk	1
cannon-hall.com	1
restorationhouse.co.uk	1
talyllyn.co.uk	1
visitmidhurst.com	1
virtualvisittours.com	1
sellymanormuseum.org.uk	1
southseacastle.co.uk	1
bedworth-society.co.uk	1
stagnesmuseum.org.uk	1
newhavenfort.org.uk	1
glamis-castle.co.uk	1
thisisdurham.com	1
bcwm.org.uk	1
farleyshouseandgallery.co.uk	1
hurstcastle.co.uk	1
broadwaymuseum.org.uk	1
deanforestrailway.co.uk	1
southlondongallery.org	1
discovercarmarthenshire.com	1
williamhogarthtrust.org.uk	1
sofo.org.uk	1
gmfsmuseum.org.uk	1
visitcaerphilly.com	1
royalyachtbritannia.co.uk	1
visitmima.com	1
stanleyspencer.org.uk	1
jimclarktrust.com	1
roystonmuseum.org.uk	1
dennissevershouse.co.uk	1
theheathhouse.co.uk	1
visiteastyorkshire.co.uk	1
rcaconwy.org	1
eltonhall.com	1
dunollie.org	1
turnerhouse.wales	1
malvernmuseum.co.uk	1
swannington-heritage.co.uk	1
wmgallery.org.uk	1
cliffordroadschool.org.uk	1
birminghamoratory.org.uk	1
epsom-ewell.gov.uk	1
kentmuseumoffreemasonry.org.uk	1
didcotrailwaycentre.org.uk	1
rumblemuseum.org.uk	1
cromfordmills.org.uk	1
buckieheritage.org	1
aagm.co.uk	1
battleofbritainbunker.co.uk	1
mdx.ac.uk	1
museumofclassicsci-fi.com	1
rcseng.ac.uk	1
liverpoolwarmuseum.co.uk	1
upminstertithebarn.co.uk	1
dealtimeball.co.uk	1
cylex-uk.co.uk	1
erewashmuseum.co.uk	1
brassmill.com	1
ram.ac.uk	1
ribchesterromanmuseum.org	1
95thbg-horham.com	1
hallaton-museum.co.uk	1
tredegarmuseum.co.uk	1
south-tynedale-railway.org.uk	1
rafcamuseum.co.uk	1
sykescottages.co.uk	1
peakdistrictleadminingmuseum.co.uk	1
hartlandabbey.com	1
thetallship.com	1
yorkcastlemuseum.org.uk	1
barber.org.uk	1
visitbanchory.com	1
llanelly-house.org.uk	1
nottingham.ac.uk	1
brindleysmill.co.uk	1
douglashistory.co.uk	1
lostwithielmuseum.org	1
charnwood.gov.uk	1
axminsterheritage.org	1
eileenhickeymuseum.com	1
chillingham-castle.com	1
whittleseymuseum.co.uk	1
theclockworks.org	1
cottesbrooke.co.uk	1
kbhevents.uk	1
captaincookschoolroommuseum.co.uk	1
helenathompson.org.uk	1
museumforwatton.org.uk	1
herefordshire.gov.uk	1
laingartgallery.org.uk	1
birmingham.ac.uk	1
holker.co.uk	1
wobmf.co.uk	1
wellandidb.org.uk	1
rydalmount.co.uk	1
coldharbourmill.org.uk	1
steyningmuseum.org.uk	1
broughtoncastle.com	1
belfordvillage.co.uk	1
thebowesmuseum.org.uk	1
westoxfordshiremuseum.co.uk	1
halesworthmuseum.org.uk	1
littlemalverncourt.co.uk	1
waterperrygardens.co.uk	1
gerransheritage.co.uk	1
kingsbridgemuseum.org.uk	1
worsbrough-mill.com	1
roundchurchcambridge.org	1
experience-barnsley.com	1
tresco.co.uk	1
museumsintheyorkshiredales.co.uk	1
charlesdickensbirthplace.co.uk	1
heritagesouthholland.co.uk	1
pilsudski.org.uk	1
ellislandfarm.co.uk	1
sandhurstcollection.co.uk	1
gowerheritagecentre.co.uk	1
twickenham-museum.org.uk	1
westlancsfreemasons.org.uk	1
portmm.org	1
museumofrichmond.com	1
thebrochproject.co.uk	1
dudleycanaltrust.org.uk	1
newbyhall.com	1
heavenfarm.co.uk	1
wallingfordmuseum.org.uk	1
bradingromanvilla.org.uk	1
chertseymuseum.org	1
newforestheritage.org.uk	1
museumofpower.org.uk	1
stpauls.co.uk	1
alfredcorry.co.uk	1
100bgmus.org.uk	1
tamarbelle.co.uk	1
swaledalemuseum.org	1
inkingston.co.uk	1
abbeypumpingstation.org	1
frigateunicorn.org	1
ribblesteam.org.uk	1
durhamcathedral.co.uk	1
thirlestanecastle.co.uk	1
stsophia.org.uk	1
conwy.gov.uk	1
oxotower.co.uk	1
castletownheritage.co.uk	1
oakhousefoods.co.uk	1
allerfordmuseum.org.uk	1
ashmolean.org	1
beckislemuseum.org.uk	1
armyflying.com	1
wtht.co.uk	1
redfernscottage.org	1
jameshoggexhibition.com	1
themagiccircle.co.uk	1
sytm.co.uk	1
spencerhouse.co.uk	1
chawtonhouse.org	1
bictongardens.co.uk	1
blaenau-gwent.gov.uk	1
thebrunelmuseum.com	1
clangunnsociety.org	1
woodbridgetidemill.org.uk	1
scienceandmediamuseum.org.uk	1
littlewoodham.org.uk	1
morwellham-quay.co.uk	1
ssgreatbritain.org	1
carnegiebirthplace.com	1
findhorn-heritage.co.uk	1
boscombedownaviationcollection.co.uk	1
eastmidlandsaeropark.org	1
kesr.org.uk	1
eyam-museum.org.uk	1
welshquilts.com	1
exmouthmuseum.co.uk	1
vestryhousemuseum.org.uk	1
turveyhouse.co.uk	1
wordsworth.org.uk	1
nicholaspriory.com	1
motgm.uk	1
catalyst.org.uk	1
lastinvasiontapestry.co.uk	1
thehighlandersmuseum.com	1
perranzabuloemuseum.co.uk	1
flamegasworks.co.uk	1
herefordcathedral.org	1
borthstationmuseum.co.uk	1
ferguson-museum.co.uk	1
thirskmuseum.org	1
cookmuseumwhitby.co.uk	1
thehamiltontoycollection.co.uk	1
cromwellmuseum.org	1
ulsterrugby.com	1
lawnmowerworld.co.uk	1
invermuseum.com	1
bassetlawmuseum.org.uk	1
museums.co.uk	1
grantownmuseum.co.uk	1
cameronians.org	1
mountfitchetcastle.com	1
fulhampalace.org	1
eastonfarmpark.co.uk	1
glemhamhall.co.uk	1
emerywalker.org.uk	1
epwortholdrectory.org.uk	1
warlinghamarchers.uk	1
wesleysheritage.org.uk	1
lbbd.gov.uk	1
sezincote.co.uk	1
stonyhurst.ac.uk	1
staffordshireregimentmuseum.com	1
claytonhall.org	1
porthcawlmuseum.com	1
welhat.gov.uk	1
wealddown.co.uk	1
ilfracombemuseum.co.uk	1
bredesteamgiants.co.uk	1
ventnorheritage.org.uk	1
stephensonsteamrailway.org.uk	1
radarmuseum.co.uk	1
sammymiller.co.uk	1
newroombristol.org.uk	1
yateheritage.co.uk	1
avingtonpark.co.uk	1
coultershaw.co.uk	1
portsmouthmuseums.co.uk	1
stratfordarmouries.com	1
orfordmuseum.org.uk	1
paradisepark.co.uk	1
brightontoymuseum.co.uk	1
brlsi.org	1
berwickcivicsociety.org.uk	1
visitcolchester.com	1
dylanthomasboathouse.com	1
skyemuseum.co.uk	1
laidhay.co.uk	1
framerframed.nl	1
prestonparkmuseum.co.uk	1
massonmills.co.uk	1
soane.org	1
bletchleypark.org.uk	1
cottagemuseum.co.uk	1
thomas-shop.co.uk	1
sirmaxaitkenmuseum.org	1
kentlife.org.uk	1
newcastle-staffs.gov.uk	1
frameworkknittersmuseum.org.uk	1
traquair.co.uk	1
visitmanchester.com	1
levenshall.co.uk	1
cyclemuseum.org.uk	1
historyonwheels.co.uk	1
thrumptonhall.com	1
seeitdoitsunderland.co.uk	1
yorkshireairmuseum.org	1
fordgreenhall.org.uk	1
jewishmuseum.org.uk	1
ellenroad.org.uk	1
castleofmey.org.uk	1
wedgwoodmuseum.org.uk	1
holburne.org	1
lymmhic.co.uk	1
scotsdgmuseum.com	1
torfaenmuseum.org.uk	1
hastingscontemporary.org	1
boughtonhouse.co.uk	1
cardiffcastle.com	1
bunyanmeeting.co.uk	1
hestercombe.com	1
abertilleryanddistrictmuseum.org.uk	1
yorkartgallery.org.uk	1
sfrheritagetrust.org	1
bailiffgatemuseum.co.uk	1
nlr.org.uk	1
thebryanmuseum.org	1
hovercraft-museum.org	1
north-leverton-windmill.co.uk	1
bodyworlds.com	1
ilchester.org.uk	1
realtor.com	1
devilsporridge.org.uk	1
ashwellmuseum.org.uk	1
scottishfield.co.uk	1
holsworthymuseum.co.uk	1
wessexwater.co.uk	1
theisleofcanna.com	1
monmouthcastlemuseum.org.uk	1
dalemain.com	1
waddesdon.org.uk	1
gawsworthhall.com	1
hernewindmill.co.uk	1
rochford.gov.uk	1
secretscotland.org.uk	1
charlbury.info	1
newarkairmuseum.org	1
corwenmuseum.org.uk	1
bancroftmill.org.uk	1
rncm.ac.uk	1
rustingtonmuseum.org	1
meaa.org.uk	1
strathnavermuseum.org.uk	1
smithyheritagecentre.org.uk	1
kbmt.org.uk	1
derwentart.com	1
haynesmotormuseum.com	1
abingdon.gov.uk	1
bronte.org.uk	1
castlepoint.gov.uk	1
dumfries-house.org.uk	1
swminers.co.uk	1
stanfordhall.co.uk	1
ourwarwickshire.org.uk	1
blair-castle.co.uk	1
pairctrust.co.uk	1
johnbuchanstory.co.uk	1
eustonhall.co.uk	1
nuneatonandbedworth.gov.uk	1
godalmingmuseum.org.uk	1
capesthorne.com	1
mnr.org.uk	1
glastonburyantiquarians.org	1
cynonvalleymuseum.wales	1
visitblaenavon.co.uk	1
montacutemuseum.co.uk	1
cardiffcastlemuseum.org.uk	1
theexchangeerith.com	1
colnevalley.com	1
castlefordheritagetrust.org.uk	1
westcoker.net	1
blythbattery.org.uk	1
forces-war-records.co.uk	1
winchestercollege.org	1
poets.org	1
solway-aviation-museum.co.uk	1
weardalemuseum.co.uk	1
theguardsmuseum.com	1
lamporthall.co.uk	1
flambards.co.uk	1
mathewsons.co.uk	1
visitthecotswolds.org.uk	1
3riversmuseum.com	1
davidmellordesign.com	1
richard-felix.co.uk	1
castlemenzies.org	1
warhammer-community.com	1
maryandcuthbert.org.uk	1
jmbt.org.uk	1
houseofmarbles.com	1
carshaltonwatertower.co.uk	1
brantwood.org.uk	1
obanmuseum.org.uk	1
bath-at-work.org.uk	1
602squadronmuseum.org.uk	1
parhamairfieldmuseum.co.uk	1
macdiarmidsbrownsbank.org.uk	1
leatherheadhistory.org	1
saatchigallery.com	1
re-museum.co.uk	1
darfieldmuseum.co.uk	1
arburyestate.co.uk	1
sciencemuseum.org.uk	1
holocaust.org.uk	1
leachpottery.com	1
purfleet-heritage.com	1
britishschoolsmuseum.org.uk	1
williammorrissociety.org	1
tattoo.co.uk	1
seafrontheritage.co.uk	1
wheelsoftime.uk	1
ravenglass-railway.co.uk	1
greensmill.org.uk	1
forncettsteammuseum.co.uk	1
natureinart.org.uk	1
cefnmawrmuseum.org.uk	1
katrust.org.uk	1
oup.com	1
railwaymuseum.org.uk	1
ltmuseum.co.uk	1
senhousemuseum.co.uk	1
isleofmanmotormuseum.com	1
jeyesofearlsbarton.co.uk	1
gairlochmuseum.org	1
bugatti-trust.co.uk	1
paralympicheritage.org.uk	1
rhylminiaturerailway.co.uk	1
pankhursttrust.org	1
museumstjohn.org.uk	1
clearwellcaves.com	1
milestonesmuseum.org.uk	1
morayvia.org.uk	1
becclesmuseum.org.uk	1
leighsociety.com	1
sainsburycentre.ac.uk	1
sheppyscider.com	1
smethwick.org.uk	1
houseofillustration.org.uk	1
bartonhouserailway.org.uk	1
chmuseum.org.uk	1
warnertextilearchive.co.uk	1
balmoralcastle.com	1
dissmuseum.co.uk	1
blipfoto.com	1
kildonanmuseum.co.uk	1
ashbourneheritagesociety.org.uk	1
filkins.org.uk	1
bridgnorthmuseum.org.uk	1
bdcmuseum.org.uk	1
dovertransportmuseum.org.uk	1
gordonrusselldesignmuseum.org	1
embsayboltonabbeyrailway.org.uk	1
highlandmuseumofchildhood.org.uk	1
dunninald.com	1
scottsabbotsford.com	1
sirjohnmoore.org.uk	1
bewdleymuseum.co.uk	1
oakhamtreasures.co.uk	1
amazon.co.uk	1
visitlichfield.co.uk	1
lossiemuseum.co.uk	1
royalcornwallmuseum.org.uk	1
timeforgeorge.co.uk	1
shuttleworth.org	1
wickenbymuseum.co.uk	1
swtan.cymru	1
bishopslydeardmill.co.uk	1
gilbertwhiteshouse.org.uk	1
theatkinson.co.uk	1
oldhaa.com	1
saddleworthmuseum.co.uk	1
chippenham.gov.uk	1
bradfordpolicemuseum.com	1
nunwellhouse.co.uk	1
beckfordstower.org.uk	1
inverarayjail.co.uk	1
lashendenairwarfaremuseum.co.uk	1
lowestoftmuseum.org	1
visitportsmouth.co.uk	1
geevor.com	1
sedgwickmuseum.org	1
claymills.org.uk	1
ditchlingmuseumartcraft.org.uk	1
gwsr.com	1
gunsgreenhouse.org	1
bloxhammuseum.com	1
belmont-house.org	1
atwellwilson.org.uk	1
happyvalley.org.uk	1
agriculturalmuseumbrook.org.uk	1
mildenhallmuseum.co.uk	1
nationalgallery.org.uk	1
museumofcambridge.org.uk	1
tenterdenmuseum.co.uk	1
stanwayfountain.co.uk	1
sallylunns.co.uk	1
pontefractcastle.co.uk	1
victoriagal.org.uk	1
south-wales.police.uk	1
jainmuseum.com	1
wallacecollection.org	1
sholland.gov.uk	1
richmondshiremuseum.org.uk	1
essex-fire.gov.uk	1
moggerhangerpark.com	1
allertoncastle.co.uk	1
divingmuseum.co.uk	1
prideauxplace.co.uk	1
ahleducation.org.uk	1
kingswoodmuseum.org.uk	1
hadhammuseum.org.uk	1
gainsborough.org	1
shaftesburyabbey.org.uk	1
somerleyton.co.uk	1
pewsey-heritage-centre.org.uk	1
thekennelclub.org.uk	1
southwickhall.co.uk	1
judgeslodging.org.uk	1
swindonmuseumandartgallery.org.uk	1
glencoemuseum.com	1
wimbledon.com	1
smallarmsreview.com	1
penmaenmawrmuseum.co.uk	1
northcharltonfarm.co.uk	1
ccmt.org.uk	1
service.gov.uk	1
uskmuseum.org	1
soldiersofshropshire.co.uk	1
pkporthcurno.com	1
alnvalleyrailway.co.uk	1
avonvalleyrailway.org	1
westhighlandmuseum.org.uk	1
nwmort.co.uk	1
worldofglass.com	1
munningsmuseum.org.uk	1
williamsheritage.com	1
bodrhyddan.co.uk	1
thecharterhouse.org	1
sionhillhall.co.uk	1
norrismuseum.org.uk	1
lincolnshirewoldsrailway.co.uk	1
captainbeany.com	1
stephenshouseandgardens.com	1
warwickdc.gov.uk	1
rafsignalsmuseum.org.uk	1
miltonscottage.org	1
opowallingford.co.uk	1
sandwichguildhallmuseum.co.uk	1
breamorehouse.com	1
deenepark.com	1
transport-museum.com	1
museumofcomputing.org.uk	1
alnwickcastle.com	1
goldenhind.co.uk	1
eastlancsrailway.org.uk	1
highcliffecastle.co.uk	1
etruriamuseum.org.uk	1
aber.ac.uk	1
carad.org.uk	1
business.site	1
holyheadmaritimemuseum.co.uk	1
wiltshiremuseum.org.uk	1
nidderdalemuseum.com	1
storiel.cymru	1
fairlynchmuseum.uk	1
radiomuseum.org	1
glamorgancricket.com	1
alstonefield.org	1
harleygallery.co.uk	1
torringtonmuseum.org.uk	1
niwarmemorial.org	1
ysp.org.uk	1
padstowmuseum.co.uk	1
kendalmuseum.org.uk	1
llangollenmotormuseum.co.uk	1
bournecivicsociety.org.uk	1
orangeheritage.co.uk	1
station146seething.uk	1
churchillheritage.org.uk	1
stanstedtoymuseum.com	1
underfallyard.co.uk	1
normanbyhall.co.uk	1
newarktownhallmuseum.co.uk	1
firstgardencity.co.uk	1
bridgwatermuseum.org.uk	1
andculture.org.uk	1
blythmaritimearchive.org.uk	1
topshammuseum.org.uk	1
stowmaries.org.uk	1
vaginamuseum.co.uk	1
baytrust.org.uk	1
romanalcester.org	1
lullingstonecastle.co.uk	1
easdalemuseum.org	1
elizabethgaskellhouse.co.uk	1
isokongallery.co.uk	1
carnforthstation.co.uk	1
lincsaviation.co.uk	1
theherbert.org	1
openobjects.com	1
southwoldmuseum.org	1
cricketclubwebsite.co.uk	1
rememuseum.org.uk	1
markenfieldhall.com	1
internalfire.com	1
steam-museum.org.uk	1
museumoftechnology.org.uk	1
violette-szabo-museum.co.uk	1
dewsburyteamparish.org.uk	1
arranmuseum.co.uk	1
discovercarlisle.co.uk	1
museumofcornishlife.co.uk	1
thornburymuseum.org.uk	1
exeter.gov.uk	1
alderneysociety.org	1
whitworthhistoricalsociety.org.uk	1
chichestercathedral.org.uk	1
loyalistconflictmuseum.com	1
bnss.org.uk	1
freeservers.com	1
lleisure.co.uk	1
isleofwightsociety.org.uk	1
hooky.co.uk	1
thedockyard.co.uk	1
scone-palace.co.uk	1
visitthebunker.com	1
9th12thlancersmuseum.org	1
actoncourt.com	1
stotfoldmill.com	1
ordsallhall.com	1
athelhampton.com	1
emsworthmuseum.org.uk	1
woodchurchmuseum.com	1
sixbellsconferencecentre.co.uk	1
eden.gov.uk	1
edencamp.co.uk	1
nationalbrewerycentre.co.uk	1
newport.gov.uk	1
bognormuseum.org	1
ceramics-aberystwyth.com	1
chiddingstonecastle.org.uk	1
worldwidewords.org	1
theetchescollection.org	1
visitcumbria.com	1
burgesshillmuseum.co.uk	1
peacemuseum.org.uk	1
herefordshirelightinfantrymuseum.com	1
armourgeddon.co.uk	1
sallymitchell.com	1
huguenotmuseum.org	1
cooper-gallery.com	1
britishairways.com	1
southwark.gov.uk	1
castlehousemuseum.org.uk	1
lincolnshirelife.co.uk	1
dugdalecentre.co.uk	1
tangmere-museum.org.uk	1
gorgeouscottages.com	1
raptcmuseum.co.uk	1
captcook-ne.co.uk	1
layermarneytower.co.uk	1
dovermuseum.co.uk	1
zetlandlifeboat.co.uk	1
britishmotormuseums.com	1
ipswichtransportmuseum.co.uk	1
maryportmaritimemuseum.com	1
caistercastle.co.uk	1
kettlesyard.co.uk	1
pallant.org.uk	1
haverfordwest-town-museum.org.uk	1
comptonverney.org.uk	1
museumofthebroads.org.uk	1
meolshall.co.uk	1
carillontower.org.uk	1
frenchaymuseumarchives.co.uk	1
richmond.org	1
southendpiermuseum.co.uk	1
museumofpolicingincheshire.org.uk	1
caistorahc.org.uk	1
ohps.org.uk	1
crewehc.co.uk	1
aerospacebristol.org	1
swaffhammuseum.co.uk	1
kingsownmuseum.com	1
trimontium.co.uk	1
museumofberkshireaviation.co.uk	1
otleymuseum.org	1
vipauk.org	1
saffronwaldenmuseum.org	1
menaibridges.co.uk	1
wolves.co.uk	1
inverclyde.gov.uk	1
strethamoldengine.org.uk	1
goodwood.com	1
warwick.ac.uk	1
castlehoward.co.uk	1
treasurehouse.org	1
doningtonleheath.org.uk	1
salfordmuseum.com	1
almondvalley.co.uk	1
hepworthwakefield.org	1
olivercromwellshouse.co.uk	1
sswc.co.uk	1
milfordhouse.org.uk	1
wmpeelers.com	1
irvineburnsclub.org	1
penleehouse.org.uk	1
clarecottage.org	1
hornseafreeport.com	1
whitbymuseum.org.uk	1
saxmundhammuseum.org.uk	1
rutlandcountymuseum.org.uk	1
bigfishgames.com	1
fusiliermuseum.com	1
margatemuseum.org	1
londonmithraeum.com	1
haddonhall.co.uk	1
romanbaths.co.uk	1
arundells.org	1
dundonaldcastle.org.uk	1
slateislands.org.uk	1
northdevonmaritimemuseum.co.uk	1
sharpespotterymuseum.org.uk	1
apedale.co.uk	1
musee-stewart.org	1
warwickfusiliers.co.uk	1
leicestershireccc.co.uk	1
discovermarketdrayton.co.uk	1
tanfield-railway.co.uk	1
nationalcivilwarcentre.com	1
perryscider.co.uk	1
yorkminster.org	1
samueljohnsonbirthplace.org.uk	1
cumbriasmuseumofmilitarylife.org	1
gosfordhouse.co.uk	1
pannettartgallery.org	1
arraspaysdartois.com	1
brownlowhouse.com	1
scotfishmuseum.org	1
westminstersynagogue.org	1
heronmill.org	1
handsonhistory.no	1
bembridgeheritage.org.uk	1
theassayoffice.com	1
brixhammuseum.uk	1
timemachineuk.com	1
swarthmoorhall.co.uk	1
drumlanrigcastle.co.uk	1
visitkelso.com	1
cheltenhammuseum.org.uk	1
themaclaurin.org.uk	1
rafmontrose.org.uk	1
homefrontmuseum.co.uk	1
lulworth.com	1
launcestonsr.co.uk	1
theboxplymouth.com	1
stockgaylard.com	1
trenancecottages.co.uk	1
miltonkeynesmuseum.org.uk	1
college-optometrists.org	1
horammanorfarm.co.uk	1
eastchurchaviationmuseum.org.uk	1
mardenhistory.org.uk	1
thelowry.com	1
sherlock-holmes.co.uk	1
scottishfootballmuseum.org.uk	1
kilwinningheritage.org.uk	1
bdhs.org.uk	1
braintreemuseum.co.uk	1
sheremuseum.co.uk	1
llyn-maritime-museum.co.uk	1
medicalmuseum.org.uk	1
blessingbourne.com	1
brockfieldhall.co.uk	1
woodchestermansion.org.uk	1
mcc.org.au	1
thepriestshouse.com	1
bottishamairfieldmuseum.org.uk	1
dickensmuseum.com	1
hopetoun.co.uk	1
museumofgloucester.co.uk	1
westrayheritage.co.uk	1
hellensmanor.com	1
helicoptermuseum.co.uk	1
mullers.org	1
chillingtonhall.co.uk	1
millhousecider.com	1
rocks-by-rail.org	1
tvlb.org	1
dunvegancastle.com	1
chethams.com	1
manchesterartgallery.org	1
yrysgwrn.com	1
stanstedwindmill.co.uk	1
scallowaymuseum.org	1
bowhillhouse.co.uk	1
marazion.info	1
chatsworth.org	1
salisburymuseum.org.uk	1
lancashireinfantrymuseum.org.uk	1
mortehoemuseum.org.uk	1
petersfieldmuseum.co.uk	1
salcombemuseum.org.uk	1
northumberlandfusiliers.org.uk	1
museumofcroydon.com	1
brooklandsmuseum.com	1
nuneatonheritagecentre.org.uk	1
lothlorien-antiques.co.uk	1
morayconnections.com	1
caerphilly.gov.uk	1
stbrides.com	1
earm.co.uk	1
falconermuseum.co.uk	1
iosmuseum.org	1
bphsmob.org.uk	1
cranbrookartmuseum.org	1
jennermuseum.com	1
eastgrinsteadmuseum.org.uk	1
alnmouthparishcouncil.org.uk	1
oxfordshirecotswolds.org	1
eyemouthmuseum.co.uk	1
spodemuseumtrust.org	1
museumoffreederry.org	1
visitpembrokeshire.com	1
visithullandeastyorkshire.com	1
cornwallatwarmuseum.co.uk	1
historicrydesociety.com	1
harboroughmuseum.org.uk	1
hw.ac.uk	1
jisc.ac.uk	1
archdaily.com	1
rushdenmuseum.co.uk	1
wincantonmuseum.org.uk	1
hattongallery.org.uk	1
holstmuseum.org.uk	1
burtonartgallery.co.uk	1
lutterworthmuseum.org	1
enginuity.org	1
visitmerthyr.co.uk	1
despawson.com	1
naughtongallery.org	1
rafingham.co.uk	1
benuri.org	1
brutonmuseum.org.uk	1
internationalbcc.co.uk	1
museumofthebook.com	1
buzzrail.uk	1
farnhammaltings.com	1
newrymournedown.org	1
mrssmithscottage.com	1
glenarmcastle.com	1
eastanglianlife.org.uk	1
sunderlandtrust.com	1
computinghistory.org.uk	1
newhavenhistoricalsociety.org.uk	1
walthamstowpumphouse.org.uk	1
linenhall.com	1
islandturfcrafts.com	1
wattsgallery.org.uk	1
theamelia.co.uk	1
londonbusmuseum.com	1
congletonmuseum.co.uk	1
longleat.co.uk	1
torre-abbey.org.uk	1
calvertonvillage.com	1
valeanddownlandmuseum.org.uk	1
felixstowemuseum.org	1
narberthmuseum.co.uk	1
stneotsmuseum.org.uk	1
fencingmuseum.com	1
kidwellyindustrialmuseum.org.uk	1
re-form.org	1
dinosaurisle.com	1
thamespolicemuseum.org.uk	1
lydiaevamincarlo.com	1
amazon.com	1
wmamuseum.co.uk	1
loseleypark.co.uk	1
bathpostalmuseum.org.uk	1
wiltonhouse.co.uk	1
wheal-martyn.com	1
derrystrabane.com	1
moirafurnace.org	1
radiomuseum.co.uk	1
psni.police.uk	1
champltd.org	1
bonessmotormuseum.co.uk	1
jetagemuseum.org	1
egaforwomen.org.uk	1
carehome.co.uk	1
whitstablemuseum.org	1
thepriesthouse.co.uk	1
britishgolfmuseum.co.uk	1
scottishstorytellingcentre.com	1
holocaustlearning.org.uk	1
teignheritage.org.uk	1
cuckoolandmuseum.com	1
visitambervalley.com	1
boxted-airfield.com	1
spitfiremuseum.org.uk	1
wigstonframeworkknitters.org.uk	1
galleryoldham.org.uk	1
fashionmuseum.co.uk	1
sevenstories.org.uk	1
royalhampshireregiment.org	1
rcplondon.ac.uk	1
broughtonhouse.com	1
dunblanemuseum.org.uk	1
nottinghamcastle.org.uk	1
butserancientfarm.co.uk	1
tutankhamun-exhibition.co.uk	1
woodbridgemuseum.com	1
dromoland.ie	1
museumofbritishsurfing.org.uk	1
cornwall-gold.com	1
nationalneedleworkarchive.org.uk	1
scienceandindustrymuseum.org.uk	1
rwa.org.uk	1
kelburnestate.com	1
cleanhire.co.uk	1
fleetairarm.com	1
oldbellmuseum.org.uk	1
courtbarn.org.uk	1
nationalminingmuseum.com	1
kilmartin.org	1
westkilbridemuseum.org.uk	1
stanstedpark.co.uk	1
wandle.org	1
salmonbothy.org	1
78derngate.org.uk	1
amht.org.uk	1
handelhendrix.org	1
antoninewall.org	1
moorcroft.com	1
hayfarmheavies.co.uk	1
myretonmotormuseum.co.uk	1
staffindinosaurmuseum.com	1
holkham.co.uk	1
migrationmuseum.org	1
gcrn.co.uk	1
ashburtonmuseum.co.nz	1
ygaerpowys.org.uk	1
ardingtonhouse.com	1
monzieestate.com	1
ryedalefolkmuseum.co.uk	1
museumofmilitarymedicine.org.uk	1
rcsed.ac.uk	1
browsholme.com	1
shropshiremuseums.org.uk	1
dartmouthmuseum.org	1
lavalette.tk	1
windsormuseum.org.uk	1
wellcomecollection.org	1
lsbu.ac.uk	1
janeaustens.house	1
visitcastleton.co.uk	1
rothwellheritage.org.uk	1
goddardsatgreenwich.co.uk	1
ilikemuseums.com	1
csm.org.uk	1
iwsteamrailway.co.uk	1
fishingheritage.com	1
hutton-in-the-forest.co.uk	1
tlr.ltd.uk	1
pallotmuseum.co.uk	1
crieff.co.uk	1
eileanban.org	1
cidermuseum.co.uk	1
pendonmuseum.com	1
leeds-castle.com	1
mansfield.gov.uk	1
moyseshall.org	1
tarbat-discovery.co.uk	1
glynnvivian.co.uk	1
sgsoc.org	1
grimsthorpe.co.uk	1
elymuseum.org.uk	1
royalgunpowdermills.com	1
lvvs.org.uk	1
museumoftimekeeping.org.uk	1
segedunumromanfort.org.uk	1
spanglefish.com	1
wollatonhall.org.uk	1
novascotia.com	1
octaviahill.org	1
thefanmuseum.org.uk	1
npg.org.uk	1
blairsmuseum.com	1
kentfirefightingmuseum.org.uk	1
search.co.uk	1
discovernewmarket.co.uk	1
westkirbymuseum.co.uk	1
ahbtt.org.uk	1
lighthousemuseum.org.uk	1
marlowmuseum.uk	1
worldrugbymuseum.com	1
rochforddistricthistory.org.uk	1
syonpark.co.uk	1
groamhouse.org.uk	1
wymondhamabbey.org.uk	1
prescotmuseum.org.uk	1
sorncastle.com	1
theseasidemuseumhernebay.org	1
dinosaurland.co.uk	1
dunstermuseum.co.uk	1
newsteadabbey.org.uk	1
visitleeds.co.uk	1
nationalleathercollection.org	1
thehopfarm.co.uk	1
buryartmuseum.co.uk	1
maltonmuseum.co.uk	1
thurrock.gov.uk	1
romhc.org.uk	1
boltoncastle.co.uk	1
mangapps.co.uk	1
adlingtonhall.com	1
sausmarezmanor.co.uk	1
house-of-dreams.be	1
brightlingseamuseum.com	1
hevercastle.co.uk	1
maelduneheritagecentre.org	1
cvphm.org.uk	1
chapelbayfort.com	1
wollastonheritage.org	1
boilerhousehair.co.uk	1
themadmuseum.co.uk	1
teifivalleyrailway.wales	1
stalbansmuseums.org.uk	1
spencerofalthorp.com	1
purtonmuseumandhistoricalsociety.com	1
ryhopeengines.org.uk	1
dartford.gov.uk	1
abergavennymuseum.co.uk	1
northhertsmuseum.org	1
lincolncastle.com	1
amershammuseum.org	1
visitplymouth.co.uk	1
fordeabbey.co.uk	1
ludlow.org.uk	1
firle.com	1
welshspitfire.org	1
falkirkcommunitytrust.org	1
royalscottishacademy.org	1
newlanark.org	1
tiptree.com	1
herschelmuseum.org.uk	1
stwinefrideswell.org.uk	1
stir.ac.uk	1
knebworthhouse.com	1
warminstermuseum.org.uk	1
museumofroyalworcester.org	1
inschmuseum.org.uk	1
millgreenmuseum.co.uk	1
tewkesburymuseum.org	1
thecurveslough.com	1
athollpalace.com	1
ashdonvillagemuseum.co.uk	1
bowood.org	1
pitstonemuseum.co.uk	1
brent.gov.uk	1
ramseyruralmuseum.co.uk	1
whitbyjet.co.uk	1
carewcheritoncontroltower.co.uk	1
horshammuseum.org	1
inveraray-castle.com	1
prclt.co.uk	1
truesyard.co.uk	1
castlebromwichhallgardens.org.uk	1
uffington.net	1
rammerscales.com	1
historylinks.org.uk	1
canalmuseum.org.uk	1
freud.org.uk	1
wellingtonaviation.org	1
ashfordmuseum.org.uk	1
lodgepark.com	1
museumslondon.org	1
waterbeachmilitarymuseum.org.uk	1
lstmed.ac.uk	1
jjfox.co.uk	1
spelthornemuseum.org.uk	1
discoverdownham.org.uk	1
therapefoundation.org	1
chelseafc.com	1
coachhousemuseum.nz	1
wickheritage.org	1
redbridge.gov.uk	1
suffolkregimentmuseum.co.uk	1
musicalmuseum.co.uk	1
yorkarmymuseum.co.uk	1
chobham.org	1
prositehosting.co.uk	1
donnachaidh.com	1
woolpit.org	1
pollockstoys.com	1
dartmoor-prison.co.uk	1
aylshamheritage.com	1
greatdixter.co.uk	1
dadsarmythetford.org.uk	1
elginmuseum.org.uk	1
baldockhistory.org.uk	1
dulwichpicturegallery.org.uk	1
barrowhill.org	1
arundelmuseum.org	1
mzm.cz	1
kemsingheritagecentre.org.uk	1
crossness.org.uk	1
discoverdartmouth.com	1
bucklershard.co.uk	1
stonemuseum.org.uk	1
nationalarchives.gov.uk	1
thelincolnshireregiment.org	1
luntromanfort.org	1
somersetcricketmuseum.co.uk	1
museumofthemind.org.uk	1
iconpainter.org.uk	1
clare-ancient-house-museum.co.uk	1
caudwellandco.com	1
towneley.org.uk	1
thelasttuesdaysociety.org	1
bodminkeep.org	1
fairground-heritage.org.uk	1
manxelectricrailway.co.uk	1
coatesenglishwillow.co.uk	1
mapperton.com	1
panaceamuseum.org	1
nmes.org	1
numbertwentynine.ie	1
marchmuseum.co.uk	1
croftonbeamengines.org	1
lydneyparkestate.co.uk	1
museumofcarpet.org	1
glensidemuseum.org.uk	1
johnpauljonesmuseum.com	1
mapledurham.co.uk	1
armitt.com	1
stewartonhistoricalsociety.org	1
thesiegemuseum.org	1
langdondownmuseum.org.uk	1
thingstodoonarainyday.co.uk	1
hh-pac.com	1
thegrundy.org	1
coriniummuseum.org	1
tramway.co.uk	1
barleyhall.co.uk	1
theabingdoncollection.com	1
rayleightownmuseum.co.uk	1
lowestoftwarmemorialmuseum.co.uk	1
aditnow.co.uk	1
thefolly.org.uk	1
tissingtonhall.co.uk	1
chavenage.com	1
pitzhanger.org.uk	1
cheddletonflintmill.com	1
ruddington-museum.org.uk	1
windenergymuseum.co.uk	1
ledburyplaces.co.uk	1
preston-manor.com	1
braemarcastle.co.uk	1
lancasterarts.org	1
bathmedicalmuseum.org	1
nairnmuseum.co.uk	1
tenburymuseum.org.uk	1
nwhouse.co.uk	1
wemysscaves.info	1
airsciences.org.uk	1
catermuseum.co.uk	1
cobbatoncombat.co.uk	1
northlincs.gov.uk	1
shoreham-aircraft-museum.co.uk	1
enjoystaffordshire.com	1
penmorfa.com	1
royalacademy.org.uk	1
gunproof.com	1
thanet.gov.uk	1
headstonemanor.org	1
tenbymuseum.org.uk	1
watercressline.co.uk	1
taigh-chearsabhagh.org	1
holfordtrust.com	1
burtonagnes.com	1
ramsgatemaritimemuseum.org	1
wymondhamheritagemuseum.co.uk	1
kelmarsh.com	1
mcmanus.co.uk	1
co-operativeheritage.coop	1
bowesrailway.uk	1
pontypriddmuseum.wales	1
fursdon.co.uk	1
visitliverpool.com	1
arsenal.com	1
musselburghmuseum.org.uk	1
castleleod.org.uk	1
ingatestonehall.com	1
maritimehull.co.uk	1
caithness.org	1
muckleburgh.co.uk	1
surreyhills.org	1
harrogate.gov.uk	1
fraserburghheritage.com	1
worcestermasonicmuseum.co.uk	1
castlepointtransportmuseum.co.uk	1
alexanderstreet.com	1
broadlandsestates.co.uk	1
dorkingmuseum.org.uk	1
tytwtdollshouseandtoymuseum.org.uk	1
chippingnortonmuseum.co.uk	1
walsall.gov.uk	1
essex.ac.uk	1
rhts.co.uk	1
leominstermuseum.org.uk	1
downcountymuseum.com	1
rhqrmp.org	1
fairfaxhouse.co.uk	1
aldbourneheritage.org.uk	1
whichmuseum.co.uk	1
kemptonsteam.org	1
burwellmuseum.org.uk	1
surreyheath.gov.uk	1
wilderspinschool.org.uk	1
amrtm.org	1
stand-firm-strike-hard.org.uk	1
dmm.org.uk	1
palmuseumbristol.org	1
wellsmuseum.org.uk	1
eastsurreymuseum.org.uk	1
shipwreckmuseum.co.uk	1
visitkent.co.uk	1
timespan.org.uk	1
visitblackpool.com	1
penmuseum.org.uk	1
iwbusmuseum.org.uk	1
pakenhamwatermill.org.uk	1
davidstowmemorialmuseum.co.uk	1
trewithengardens.co.uk	1
hawleytoolcollection.com	1
northtyneside.gov.uk	1
friendsofsmithillshall.co.uk	1
gmpmuseum.co.uk	1
gardenvisit.com	1
cricklademuseum.co.uk	1
houghtonhall.com	1
swanagerailway.co.uk	1
ruskinmuseum.com	1
angleseytransportmuseum.co.uk	1
colnevalleyrailway.co.uk	1
avroheritagemuseum.co.uk	1
ashmuseum.org.uk	1
heritage-centre.co.uk	1
southsidehouse.com	1
fermanaghlakelands.com	1
whitemillheritagecentre.org.uk	1
clanmacphersonmuseum.org.uk	1
hovingham.co.uk	1
mhas.org.uk	1
kbobm.org	1
classicboatmuseum.com	1
kohimamuseum.co.uk	1
lawrencehousemuseum.org.uk	1
dorsetcountymuseum.org	1
hedinghamcastle.co.uk	1
harvingtonhall.co.uk	1
postalmuseum.org	1
foxfieldrailway.co.uk	1
gordonhighlanders.com	1
millmeecepumpingstation.co.uk	1
allaboutbarrhead.co.uk	1
northwalshamheritage.org.uk	1
gvvt.org	1
burtonconstable.com	1
ashbydelazouch.info	1
erasmusdarwin.org	1
thenovium.org	1
ingrowlocomuseum.com	1
berkeley-castle.com	1
hiddenrivercave.com	1
dalkeithhistorysociety.co.uk	1
charleswesleyhouse.org.uk	1
jordansmill.com	1
poldarkmine.org.uk	1
winchester-cathedral.org.uk	1
visitgunnersbury.org	1
beefeater.co.uk	1
lakelandmotormuseum.co.uk	1
auchindrain.org.uk	1
ballindallochcastle.co.uk	1
estorickcollection.com	1
dimbola.co.uk	1
enginemuseum.org	1
williamsonartgallery.org	1
historiccroydonairport.org.uk	1
rosestreetcottage.co.uk	1
nmfh.org	1
calneheritage.co.uk	1
waterandsteam.org.uk	1
lancashireminingmuseum.org	1
woburn.co.uk	1
leisureandculturedundee.com	1
duartcastle.com	1
qrlnymuseum.co.uk	1
crewkernemuseum.co.uk	1
charlesburrellmuseum.org.uk	1
argyll-bute.gov.uk	1
covmm.co.uk	1
calbournewatermill.co.uk	1
arnistonhouse.com	1
clacks.gov.uk	1
weebly.com	1
thewhitaker.org	1
bucksrailcentre.org	1
mountedgcumbe.gov.uk	1
sunderlandculture.org.uk	1
peebles-theroyalburgh.info	1
southyorkshireaircraftmuseum.org.uk	1
bar-convent.org.uk	1
themicromuseum.org	1
thesouthasiacollection.co.uk	1
portsmouthnaturalhistory.co.uk	1
elycathedral.org	1
spacecentre.co.uk	1
blandfordtownmuseum.org.uk	1
creditonhistory.org.uk	1
dalbeattiemuseum.co.uk	1
rigb.org	1
eastlooetowntrust.co.uk	1
fonmoncastle.com	1
npt.gov.uk	1
northyorkmoors.org.uk	1
cardealermagazine.co.uk	1
townereastbourne.org.uk	1
theromneymarsh.net	1
titsey.org	1
ashridgehouse.org.uk	1
bewcastle.com	1
thestainedglassmuseum.com	1
couslandsmiddy.co.uk	1
ftmlondon.org	1
thelightbox.org.uk	1
scottishmaritimemuseum.org	1
heckingtonwindmill.org.uk	1
rpsl.org.uk	1
museewellington.be	1
bromley.gov.uk	1
merseyfire.gov.uk	1
locomotion.org.uk	1
raggedschoolmuseum.org.uk	1
dumfriesaviationmuseum.com	1
teddybearmuseum.co.uk	1
seafordmuseum.co.uk	1
railworld.net	1
portsmouthmuseum.co.uk	1
powell-cottonmuseum.org	1
imperial.nhs.uk	1
bubblecarmuseum.co.uk	1
lymeregismuseum.co.uk	1
creetown-heritage-museum.com	1
beatlesstory.com	1
lancaster.ac.uk	1
wmahm.org.uk	1
no1royalcrescent.org.uk	1
laurencesternetrust.org.uk	1
discovertyroneandsperrins.com	1
essex.police.uk	1
parhaminsussex.co.uk	1
hackney.gov.uk	1
tattonestate.com	1
saucyseasidepostcards.com	1
glynde.co.uk	1
nortoncollectionmuseumtrust.org.uk	1
sheringhammuseum.co.uk	1
gatwick-aviation-museum.co.uk	1
rhdr.org.uk	1
seamusheaneyhome.com	1
finchingfieldguildhall.org.uk	1
orkneyfossilcentre.co.uk	1
leadminingmuseum.co.uk	1
experiencebedfordshire.co.uk	1
pendleheritage.co.uk	1
newtowntextilemuseum.co.uk	1
britishmotormuseum.co.uk	1
gawthorpetextiles.org.uk	1
belfastcity.gov.uk	1
parkhallfarm.co.uk	1
lv18.org	1
winterbourne.org.uk	1
nortonpriory.org	1
scottishindustrialrailwaycentre.org.uk	1
thewardrobe.org.uk	1
dunrobincastle.co.uk	1
royallogisticcorps.co.uk	1
bfsa.org.uk	1
warwickartscentre.co.uk	1
jarrold.com	1
stmichaelsmount.co.uk	1
wakefieldhistoricalsociety.org.uk	1
rhbay.co.uk	1
gillinghammuseum.co.uk	1
newlynartgallery.co.uk	1
bedsrcc.org.uk	1
heagewindmill.org.uk	1
sicktodeath.org	1
greenacre.info	1
midulstermail.co.uk	1
yorkshiremuseum.org.uk	1
anaesthetists.org	1
bridportmuseum.co.uk	1
norfolktankmuseum.co.uk	1
oundlemuseum.org.uk	1
newcastlecastle.co.uk	1
midlandairmuseum.co.uk	1
tudorhouse.org.uk	1
conwyrailwaymuseum.co.uk	1
worcestershireandmercianregimentmuseum.org	1
samlesburyhall.co.uk	1
corby.gov.uk	1
freemasonrytoday.com	1
williamsontunnels.co.uk	1
topforge.co.uk	1
visitmedway.org	1
samatsouthburn.co.uk	1
johngraycentre.org	1
dartmoorlife.org.uk	1
eghammuseum.org	1
paisleythreadmill.co.uk	1
bvwm.org.uk	1
derehamhistory.com	1
beamish.org.uk	1
battlesbridge.com	1
newhallschool.co.uk	1
dealmuseum.co.uk	1
sklr.net	1
mullmuseum.org.uk	1
henfieldmuseum.org	1
heritagehenley.org.uk	1
hertfordmuseum.org	1
earlswoodvillagemuseum.org	1
antrimandnewtownabbey.gov.uk	1
cuparheritage.org.uk	1
weymouthmuseum.org.uk	1
peakrail.co.uk	1
cdpc.org.uk	1
southshieldsmuseum.org.uk	1
nvr.org.uk	1
svbm.online	1
museumofbathstone.org	1
dorneycourt.co.uk	1
shirehalldorset.org	1
wingsmuseum.co.uk	1
stowe.co.uk	1
pevenseycourthouse.co.uk	1
visitardsandnorthdown.com	1
finlaystone.co.uk	1
goldenhinde.co.uk	1
amberleymuseum.co.uk	1
cardiffmuseum.com	1
cheshammuseum.org.uk	1
chedhamsyard.org.uk	1
theturnpike.org.uk	1
shetlandtextilemuseum.com	1
dehavillandmuseum.co.uk	1
fordendwatermill.co.uk	1
westminster-abbey.org	1
discoverbrentwood.co.uk	1
theroyalscots.co.uk	1
mbeam.org	1
tivertonmuseum.org.uk	1
weststow.org	1
royalanglianmuseum.org.uk	1
royalberkshire.nhs.uk	1
fordingbridgemuseum.co.uk	1
hollycombe.co.uk	1
roalddahl.com	1
clancameronmuseum.co.uk	1
sommeassociation.com	1
cateranecomuseum.co.uk	1
trowbridgemuseum.co.uk	1
germanoccupationmuseum.co.uk	1
crystalpalacemuseum.org.uk	1
